<?xml version="1.0" encoding="UTF-8" ?>
<!-- This is a WordPress eXtended RSS file generated by WordPress as an export of your site. -->
<!-- It contains information about your site's posts, pages, comments, categories, and other content. -->
<!-- You may use this file to transfer that content from one site to another. -->
<!-- This file is not intended to serve as a complete backup of your site. -->

<!-- To import this information into a WordPress site follow these steps: -->
<!-- 1. Log in to that site as an administrator. -->
<!-- 2. Go to Tools: Import in the WordPress admin panel. -->
<!-- 3. Install the "WordPress" importer from the list. -->
<!-- 4. Activate & Run Importer. -->
<!-- 5. Upload this file using the form provided on that page. -->
<!-- 6. You will first be asked to map the authors in this export file to users -->
<!--    on the site. For each author, you may choose to map to an -->
<!--    existing user on the site or to create a new user. -->
<!-- 7. WordPress will then import each of the posts, pages, comments, categories, etc. -->
<!--    contained in this file into your site. -->

<!-- generator="WordPress/3.9.1" created="2014-07-17 19:34" -->
<rss version="2.0"
	xmlns:excerpt="http://wordpress.org/export/1.2/excerpt/"
	xmlns:content="http://purl.org/rss/1.0/modules/content/"
	xmlns:wfw="http://wellformedweb.org/CommentAPI/"
	xmlns:dc="http://purl.org/dc/elements/1.1/"
	xmlns:wp="http://wordpress.org/export/1.2/"
>

<channel>
	<title>Blaszok - Ultimate Multi-Purpose Resposive Theme</title>
	<link>http://demo_photography.dev</link>
	<description>Shop with Blaszok</description>
	<pubDate>Thu, 17 Jul 2014 19:34:43 +0000</pubDate>
	<language>en-US</language>
	<wp:wxr_version>1.2</wp:wxr_version>
	<wp:base_site_url>http://demo_photography.dev</wp:base_site_url>
	<wp:base_blog_url>http://demo_photography.dev</wp:base_blog_url>

	<wp:author><wp:author_id>7</wp:author_id><wp:author_login>root</wp:author_login><wp:author_email>root@root.com</wp:author_email><wp:author_display_name><![CDATA[root]]></wp:author_display_name><wp:author_first_name><![CDATA[]]></wp:author_first_name><wp:author_last_name><![CDATA[]]></wp:author_last_name></wp:author>

	<item>
				<title>Demo Photography - Home</title>
		<link>http://demo_photography.dev/</link>
		<pubDate>Wed, 19 Feb 2014 10:20:19 +0000</pubDate>
		<dc:creator><![CDATA[root]]></dc:creator>
		<guid isPermaLink="false">http://demo_photography.dev/?page_id=983</guid>
		<description></description>
		<content:encoded><![CDATA[[vc_row][vc_column width="1/1"][mpc_vc_products_slider type="recent" number="6" category="all" tag="all"][/vc_column][/vc_row][vc_row el_class="mpc-small-bm" overlay_color_opacity="50" overlay_pattern_opacity="50" css_animation="bottom-to-top"][vc_column width="1/1"][mpc_vc_deco_header type="h4" text="Learn About Me"][/vc_column][/vc_row][vc_row el_class="mpc-small-bm" margin_bottom="4em" overlay_color_opacity="50" overlay_pattern_opacity="50" css_animation="bottom-to-top"][vc_column width="1/3"][vc_column_text]
<p style="font-size: 14px; line-height: 1.5em;">Lorem ipsum dolor sit amet,<em> consectetur adipiscing</em> elit. Etiam quis leo at mauris faucibus suscipit. Sed orci arcu, tincidunt at commodo in, consectetur sed enim.</p>

Vestibulum <a href="#">aliquet justo rutrum magna</a> tincidunt fringilla. In eget nisl in justo mattis accumsan eu nec magna. Pellentesque pellentesque pharetra lacus, eget aliquet mi mattis eu. Cum sociis natoque penatibus et magnis dis parturient montes, <strong>nascetur ridiculus mus</strong>.

Sit amet, consectetur adipiscing elit. Etiam quis leo at mauris faucibus suscipit. Sed orci arcu, tincidunt at commodo in, consectetur sed enim. Vestibulum aliquet justo rutrum magna tincidunt fringilla. In eget nisl in justo mattis accumsan eu nec magna.

Nullam ut mi in dui consectetur egestas eget vitae odio. Morbi ut ligula arcu.[/vc_column_text][/vc_column][vc_column width="2/3"][vc_video link="http://vimeo.com/29298709"][/vc_column][/vc_row][vc_row el_class="mpc-small-bm" margin_bottom="3em" overlay_color_opacity="50" overlay_pattern_opacity="50" css_animation="bottom-to-top"][vc_column width="1/3"][mpc_vc_deco_header type="h4" text="My Vision"][vc_accordion active_tab="1"][vc_accordion_tab title="Who I am"][vc_column_text]Lorem ipsum dolor sit amet, consectetur adipiscing elit. Etiam quis leo at mauris faucibus suscipit. Sed orci arcu, tincidunt at commodo in, consectetur sed enim.[/vc_column_text][/vc_accordion_tab][vc_accordion_tab title="What I Do"][vc_column_text]Vestibulum aliquet justo rutrum magna tincidunt fringilla. In eget nisl in justo mattis accumsan eu nec magna. Pellentesque pellentesque pharetra lacus, eget aliquet mi mattis eu.[/vc_column_text][/vc_accordion_tab][vc_accordion_tab title="What I Can Give"][vc_column_text]Cum sociis natoque penatibus et magnis dis parturient montes, nascetur ridiculus mus. Nullam ut mi in dui consectetur egestas eget vitae odio. Morbi ut ligula arcu.[/vc_column_text][/vc_accordion_tab][/vc_accordion][/vc_column][vc_column width="1/3"][mpc_vc_deco_header type="h4" text="My Offer"][vc_column_text]Cras feugiat leo a nulla aliquet vitae auctor odio egestas. Phasellus iaculis posuere velit, congue placerat dui rhoncus vel. Maecenas tortor orci, aliquet et fringilla a, tristique vitae metus. Nunc dignissim varius ante, eget pellentesque felis congue ac.[/vc_column_text][vc_button title="Join Me Now" target="_self" custom_color="#f1c40f" custom_icon="fa-check" custom_pos="left" href="#"][/vc_column][vc_column width="1/3"][mpc_vc_deco_header type="h4" text="My Skills"][vc_column_text]Pellentesque pellentesque pharetra lacus, eget aliquet mi mattis eu. Cum <a href="#">sociis natoque penatibus</a> et magnis dis parturient montes, nascetur ridiculus mus.[/vc_column_text][vc_progress_bar values="90|Photography,80|Design,85|Photo Editing" bgcolor="custom" options="striped" custombgcolor="#f1c40f"][/vc_column][/vc_row][vc_row overlay_color_opacity="50" overlay_pattern_opacity="50" css_animation="bottom-to-top"][vc_column width="1/1"][mpc_vc_deco_header type="h4" text="My Values"][/vc_column][/vc_row][vc_row overlay_color_opacity="50" overlay_pattern_opacity="50" css_animation="bottom-to-top" margin_bottom="3em"][vc_column width="1/4"][vc_pie value="90" label_value="90" color="btn-warning" title="Commitment" units="%"][/vc_column][vc_column width="1/4"][vc_pie value="100" label_value="100" color="btn-warning" title="Honesty" units="%"][/vc_column][vc_column width="1/4"][vc_pie value="75" label_value="75" color="btn-warning" title="Reliability" units="%"][/vc_column][vc_column width="1/4"][vc_pie value="80" label_value="80" color="btn-warning" title="Support" units="%"][/vc_column][/vc_row][vc_row][vc_column width="1/1"][vc_cta_button call_text="Now You Know All About Me" title="Time To purchase :)" target="_self" position="cta_align_bottom" custom_color="#f1c40f" custom_icon="fa-thumbs-up" custom_pos="left" href="#"][/vc_column][/vc_row]]]></content:encoded>
		<excerpt:encoded><![CDATA[]]></excerpt:encoded>
		<wp:post_id>983</wp:post_id>
		<wp:post_date>2014-02-19 10:20:19</wp:post_date>
		<wp:post_date_gmt>2014-02-19 10:20:19</wp:post_date_gmt>
		<wp:comment_status>closed</wp:comment_status>
		<wp:ping_status>closed</wp:ping_status>
		<wp:post_name>home</wp:post_name>
		<wp:status>publish</wp:status>
		<wp:post_parent>0</wp:post_parent>
		<wp:menu_order>0</wp:menu_order>
		<wp:post_type>page</wp:post_type>
		<wp:post_password></wp:post_password>
		<wp:is_sticky>0</wp:is_sticky>
		<wp:postmeta>
			<wp:meta_key>_edit_last</wp:meta_key>
			<wp:meta_value><![CDATA[7]]></wp:meta_value>
		</wp:postmeta>
		<wp:postmeta>
			<wp:meta_key>_wp_page_template</wp:meta_key>
			<wp:meta_value><![CDATA[template-fullwidth.php]]></wp:meta_value>
		</wp:postmeta>
		<wp:postmeta>
			<wp:meta_key>_wpb_vc_js_status</wp:meta_key>
			<wp:meta_value><![CDATA[true]]></wp:meta_value>
		</wp:postmeta>
		<wp:postmeta>
			<wp:meta_key>_wpb_vc_js_interface_version</wp:meta_key>
			<wp:meta_value><![CDATA[2]]></wp:meta_value>
		</wp:postmeta>
		<wp:postmeta>
			<wp:meta_key>slide_template</wp:meta_key>
			<wp:meta_value><![CDATA[default]]></wp:meta_value>
		</wp:postmeta>
		<wp:postmeta>
			<wp:meta_key>_s2mail</wp:meta_key>
			<wp:meta_value><![CDATA[yes]]></wp:meta_value>
		</wp:postmeta>
		<wp:postmeta>
			<wp:meta_key>vc_teaser</wp:meta_key>
			<wp:meta_value><![CDATA[a:2:{s:4:"data";s:115:"[{"name":"title","link":"post"},{"name":"image","image":"featured","link":"none"},{"name":"text","mode":"excerpt"}]";s:7:"bgcolor";s:0:"";}]]></wp:meta_value>
		</wp:postmeta>
		<wp:postmeta>
			<wp:meta_key>mpc_header_content</wp:meta_key>
			<wp:meta_value><![CDATA[[rev_slider photography-demo_slider]]]></wp:meta_value>
		</wp:postmeta>
		<wp:postmeta>
			<wp:meta_key>_mpc_header_content</wp:meta_key>
			<wp:meta_value><![CDATA[field_52ef41f52a926]]></wp:meta_value>
		</wp:postmeta>
		<wp:postmeta>
			<wp:meta_key>mpc_hide_title</wp:meta_key>
			<wp:meta_value><![CDATA[1]]></wp:meta_value>
		</wp:postmeta>
		<wp:postmeta>
			<wp:meta_key>_mpc_hide_title</wp:meta_key>
			<wp:meta_value><![CDATA[field_53045ff3dc44b]]></wp:meta_value>
		</wp:postmeta>
		<wp:postmeta>
			<wp:meta_key>mpc_custom_sidebar_position</wp:meta_key>
			<wp:meta_value><![CDATA[0]]></wp:meta_value>
		</wp:postmeta>
		<wp:postmeta>
			<wp:meta_key>_mpc_custom_sidebar_position</wp:meta_key>
			<wp:meta_value><![CDATA[field_526129a80e850]]></wp:meta_value>
		</wp:postmeta>
		<wp:postmeta>
			<wp:meta_key>mpc_hide_extended_footer</wp:meta_key>
			<wp:meta_value><![CDATA[1]]></wp:meta_value>
		</wp:postmeta>
		<wp:postmeta>
			<wp:meta_key>_mpc_hide_extended_footer</wp:meta_key>
			<wp:meta_value><![CDATA[field_5315b1e623106]]></wp:meta_value>
		</wp:postmeta>
		<wp:postmeta>
			<wp:meta_key>mpc_hide_footer</wp:meta_key>
			<wp:meta_value><![CDATA[0]]></wp:meta_value>
		</wp:postmeta>
		<wp:postmeta>
			<wp:meta_key>_mpc_hide_footer</wp:meta_key>
			<wp:meta_value><![CDATA[field_537b08b894428]]></wp:meta_value>
		</wp:postmeta>
		<wp:postmeta>
			<wp:meta_key>mpc_hide_copyright</wp:meta_key>
			<wp:meta_value><![CDATA[0]]></wp:meta_value>
		</wp:postmeta>
		<wp:postmeta>
			<wp:meta_key>_mpc_hide_copyright</wp:meta_key>
			<wp:meta_value><![CDATA[field_537b08e994429]]></wp:meta_value>
		</wp:postmeta>
		<wp:postmeta>
			<wp:meta_key>mpc_force_header_full_width</wp:meta_key>
			<wp:meta_value><![CDATA[0]]></wp:meta_value>
		</wp:postmeta>
		<wp:postmeta>
			<wp:meta_key>_mpc_force_header_full_width</wp:meta_key>
			<wp:meta_value><![CDATA[field_537ca47225154]]></wp:meta_value>
		</wp:postmeta>
		<wp:postmeta>
			<wp:meta_key>mpc_enable_transparent_header</wp:meta_key>
			<wp:meta_value><![CDATA[0]]></wp:meta_value>
		</wp:postmeta>
		<wp:postmeta>
			<wp:meta_key>_mpc_enable_transparent_header</wp:meta_key>
			<wp:meta_value><![CDATA[field_537dce9aae183]]></wp:meta_value>
		</wp:postmeta>
	</item>
</channel>
</rss>
