<?xml version="1.0" encoding="UTF-8" ?>
<!-- This is a WordPress eXtended RSS file generated by WordPress as an export of your site. -->
<!-- It contains information about your site's posts, pages, comments, categories, and other content. -->
<!-- You may use this file to transfer that content from one site to another. -->
<!-- This file is not intended to serve as a complete backup of your site. -->

<!-- To import this information into a WordPress site follow these steps: -->
<!-- 1. Log in to that site as an administrator. -->
<!-- 2. Go to Tools: Import in the WordPress admin panel. -->
<!-- 3. Install the "WordPress" importer from the list. -->
<!-- 4. Activate & Run Importer. -->
<!-- 5. Upload this file using the form provided on that page. -->
<!-- 6. You will first be asked to map the authors in this export file to users -->
<!--    on the site. For each author, you may choose to map to an -->
<!--    existing user on the site or to create a new user. -->
<!-- 7. WordPress will then import each of the posts, pages, comments, categories, etc. -->
<!--    contained in this file into your site. -->

<!-- generator="WordPress/3.9.1" created="2014-07-18 06:18" -->
<rss version="2.0"
	xmlns:excerpt="http://wordpress.org/export/1.2/excerpt/"
	xmlns:content="http://purl.org/rss/1.0/modules/content/"
	xmlns:wfw="http://wellformedweb.org/CommentAPI/"
	xmlns:dc="http://purl.org/dc/elements/1.1/"
	xmlns:wp="http://wordpress.org/export/1.2/"
>

<channel>
	<title>Blaszok - Ultimate Multi-Purpose Resposive Theme</title>
	<link>http://demo_grid.dev</link>
	<description>Shop with Blaszok</description>
	<pubDate>Fri, 18 Jul 2014 06:18:10 +0000</pubDate>
	<language>en-US</language>
	<wp:wxr_version>1.2</wp:wxr_version>
	<wp:base_site_url>http://demo_grid.dev</wp:base_site_url>
	<wp:base_blog_url>http://demo_grid.dev</wp:base_blog_url>

	<wp:author><wp:author_id>7</wp:author_id><wp:author_login>root</wp:author_login><wp:author_email>root@root.com</wp:author_email><wp:author_display_name><![CDATA[root]]></wp:author_display_name><wp:author_first_name><![CDATA[]]></wp:author_first_name><wp:author_last_name><![CDATA[]]></wp:author_last_name></wp:author>

	<item>
				<title>Demo Grid - Home</title>
		<link>http://demo_grid.dev/</link>
		<pubDate>Wed, 19 Feb 2014 10:20:19 +0000</pubDate>
		<dc:creator><![CDATA[root]]></dc:creator>
		<guid isPermaLink="false">http://demo_grid.dev/?page_id=983</guid>
		<description></description>
		<content:encoded><![CDATA[]]></content:encoded>
		<excerpt:encoded><![CDATA[]]></excerpt:encoded>
		<wp:post_id>983</wp:post_id>
		<wp:post_date>2014-02-19 10:20:19</wp:post_date>
		<wp:post_date_gmt>2014-02-19 10:20:19</wp:post_date_gmt>
		<wp:comment_status>closed</wp:comment_status>
		<wp:ping_status>closed</wp:ping_status>
		<wp:post_name>home</wp:post_name>
		<wp:status>publish</wp:status>
		<wp:post_parent>0</wp:post_parent>
		<wp:menu_order>0</wp:menu_order>
		<wp:post_type>page</wp:post_type>
		<wp:post_password></wp:post_password>
		<wp:is_sticky>0</wp:is_sticky>
		<wp:postmeta>
			<wp:meta_key>_edit_last</wp:meta_key>
			<wp:meta_value><![CDATA[7]]></wp:meta_value>
		</wp:postmeta>
		<wp:postmeta>
			<wp:meta_key>_wp_page_template</wp:meta_key>
			<wp:meta_value><![CDATA[template-fullwidth.php]]></wp:meta_value>
		</wp:postmeta>
		<wp:postmeta>
			<wp:meta_key>_wpb_vc_js_status</wp:meta_key>
			<wp:meta_value><![CDATA[true]]></wp:meta_value>
		</wp:postmeta>
		<wp:postmeta>
			<wp:meta_key>_wpb_vc_js_interface_version</wp:meta_key>
			<wp:meta_value><![CDATA[2]]></wp:meta_value>
		</wp:postmeta>
		<wp:postmeta>
			<wp:meta_key>slide_template</wp:meta_key>
			<wp:meta_value><![CDATA[default]]></wp:meta_value>
		</wp:postmeta>
		<wp:postmeta>
			<wp:meta_key>_s2mail</wp:meta_key>
			<wp:meta_value><![CDATA[yes]]></wp:meta_value>
		</wp:postmeta>
		<wp:postmeta>
			<wp:meta_key>vc_teaser</wp:meta_key>
			<wp:meta_value><![CDATA[a:2:{s:4:"data";s:115:"[{"name":"title","link":"post"},{"name":"image","image":"featured","link":"none"},{"name":"text","mode":"excerpt"}]";s:7:"bgcolor";s:0:"";}]]></wp:meta_value>
		</wp:postmeta>
		<wp:postmeta>
			<wp:meta_key>mpc_header_content</wp:meta_key>
			<wp:meta_value><![CDATA[<div id="mpcth_grid" class="mpcth-grid-with-space"><a class="mpcth-grid-image" href="#"><span class="mpcth-grid-image-wrap"><img src="http://blaszok.mpcthemes.com/demo/placeholder_grid.jpg" alt="Grid" /></span></a><a class="mpcth-grid-image mpcth-grid-double" href="#"><span class="mpcth-grid-image-wrap"><img src="http://blaszok.mpcthemes.com/demo/placeholder_grid_wide.jpg" alt="Grid" /></span></a><a class="mpcth-grid-image" href="#"><span class="mpcth-grid-image-wrap"><img src="http://blaszok.mpcthemes.com/demo/placeholder_grid.jpg" alt="Grid" /></span></a><a class="mpcth-grid-image" href="#"><span class="mpcth-grid-image-wrap"><img src="http://blaszok.mpcthemes.com/demo/placeholder_grid.jpg" alt="Grid" /></span></a><a class="mpcth-grid-image" href="#"><span class="mpcth-grid-image-wrap"><img src="http://blaszok.mpcthemes.com/demo/placeholder_grid.jpg" alt="Grid" /></span></a><a class="mpcth-grid-image" href="#"><span class="mpcth-grid-image-wrap"><img src="http://blaszok.mpcthemes.com/demo/placeholder_grid.jpg" alt="Grid" /></span></a><a class="mpcth-grid-image" href="#"><span class="mpcth-grid-image-wrap"><img src="http://blaszok.mpcthemes.com/demo/placeholder_grid.jpg" alt="Grid" /></span></a><a class="mpcth-grid-image" href="#"><span class="mpcth-grid-image-wrap"><img src="http://blaszok.mpcthemes.com/demo/placeholder_grid.jpg" alt="Grid" /></span></a><a class="mpcth-grid-image" href="#"><span class="mpcth-grid-image-wrap"><img src="http://blaszok.mpcthemes.com/demo/placeholder_grid.jpg" alt="Grid" /></span></a><a class="mpcth-grid-image mpcth-grid-double" href="#"><span class="mpcth-grid-image-wrap"><img src="http://blaszok.mpcthemes.com/demo/placeholder_grid_wide.jpg" alt="Grid" /></span></a><a class="mpcth-grid-image" href="#"><span class="mpcth-grid-image-wrap"><img src="http://blaszok.mpcthemes.com/demo/placeholder_grid.jpg" alt="Grid" /></span></a><a class="mpcth-grid-image" href="#"><span class="mpcth-grid-image-wrap"><img src="http://blaszok.mpcthemes.com/demo/placeholder_grid.jpg" alt="Grid" /></span></a><a class="mpcth-grid-image" href="#"><span class="mpcth-grid-image-wrap"><img src="http://blaszok.mpcthemes.com/demo/placeholder_grid.jpg" alt="Grid" /></span></a></div>]]></wp:meta_value>
		</wp:postmeta>
		<wp:postmeta>
			<wp:meta_key>_mpc_header_content</wp:meta_key>
			<wp:meta_value><![CDATA[field_52ef41f52a926]]></wp:meta_value>
		</wp:postmeta>
		<wp:postmeta>
			<wp:meta_key>mpc_hide_title</wp:meta_key>
			<wp:meta_value><![CDATA[1]]></wp:meta_value>
		</wp:postmeta>
		<wp:postmeta>
			<wp:meta_key>_mpc_hide_title</wp:meta_key>
			<wp:meta_value><![CDATA[field_53045ff3dc44b]]></wp:meta_value>
		</wp:postmeta>
		<wp:postmeta>
			<wp:meta_key>mpc_custom_sidebar_position</wp:meta_key>
			<wp:meta_value><![CDATA[0]]></wp:meta_value>
		</wp:postmeta>
		<wp:postmeta>
			<wp:meta_key>_mpc_custom_sidebar_position</wp:meta_key>
			<wp:meta_value><![CDATA[field_526129a80e850]]></wp:meta_value>
		</wp:postmeta>
		<wp:postmeta>
			<wp:meta_key>mpc_hide_extended_footer</wp:meta_key>
			<wp:meta_value><![CDATA[1]]></wp:meta_value>
		</wp:postmeta>
		<wp:postmeta>
			<wp:meta_key>_mpc_hide_extended_footer</wp:meta_key>
			<wp:meta_value><![CDATA[field_5315b1e623106]]></wp:meta_value>
		</wp:postmeta>
		<wp:postmeta>
			<wp:meta_key>mpc_hide_footer</wp:meta_key>
			<wp:meta_value><![CDATA[1]]></wp:meta_value>
		</wp:postmeta>
		<wp:postmeta>
			<wp:meta_key>_mpc_hide_footer</wp:meta_key>
			<wp:meta_value><![CDATA[field_537b08b894428]]></wp:meta_value>
		</wp:postmeta>
		<wp:postmeta>
			<wp:meta_key>mpc_hide_copyright</wp:meta_key>
			<wp:meta_value><![CDATA[1]]></wp:meta_value>
		</wp:postmeta>
		<wp:postmeta>
			<wp:meta_key>_mpc_hide_copyright</wp:meta_key>
			<wp:meta_value><![CDATA[field_537b08e994429]]></wp:meta_value>
		</wp:postmeta>
		<wp:postmeta>
			<wp:meta_key>mpc_force_header_full_width</wp:meta_key>
			<wp:meta_value><![CDATA[1]]></wp:meta_value>
		</wp:postmeta>
		<wp:postmeta>
			<wp:meta_key>_mpc_force_header_full_width</wp:meta_key>
			<wp:meta_value><![CDATA[field_537ca47225154]]></wp:meta_value>
		</wp:postmeta>
		<wp:postmeta>
			<wp:meta_key>mpc_enable_transparent_header</wp:meta_key>
			<wp:meta_value><![CDATA[0]]></wp:meta_value>
		</wp:postmeta>
		<wp:postmeta>
			<wp:meta_key>_mpc_enable_transparent_header</wp:meta_key>
			<wp:meta_value><![CDATA[field_537dce9aae183]]></wp:meta_value>
		</wp:postmeta>
	</item>
	<item>
				<title>placeholder_grid</title>
		<link>http://demo_grid.dev/?attachment_id=3070</link>
		<pubDate>Sat, 12 Jul 2014 16:03:10 +0000</pubDate>
		<dc:creator><![CDATA[root]]></dc:creator>
		<guid isPermaLink="false">http://blaszok.mpcthemes.com/demo/placeholder_grid.jpg</guid>
		<description></description>
		<content:encoded><![CDATA[]]></content:encoded>
		<excerpt:encoded><![CDATA[]]></excerpt:encoded>
		<wp:post_id>3070</wp:post_id>
		<wp:post_date>2014-07-12 16:03:10</wp:post_date>
		<wp:post_date_gmt>2014-07-12 16:03:10</wp:post_date_gmt>
		<wp:comment_status>open</wp:comment_status>
		<wp:ping_status>open</wp:ping_status>
		<wp:post_name>placeholder_grid</wp:post_name>
		<wp:status>inherit</wp:status>
		<wp:post_parent>0</wp:post_parent>
		<wp:menu_order>0</wp:menu_order>
		<wp:post_type>attachment</wp:post_type>
		<wp:post_password></wp:post_password>
		<wp:is_sticky>0</wp:is_sticky>
		<wp:attachment_url>http://blaszok.mpcthemes.com/demo/placeholder_grid.jpg</wp:attachment_url>
		<wp:postmeta>
			<wp:meta_key>_wp_attached_file</wp:meta_key>
			<wp:meta_value><![CDATA[2014/07/placeholder_grid.jpg]]></wp:meta_value>
		</wp:postmeta>
		<wp:postmeta>
			<wp:meta_key>_wp_attachment_metadata</wp:meta_key>
			<wp:meta_value><![CDATA[a:5:{s:5:"width";i:350;s:6:"height";i:350;s:4:"file";s:28:"2014/07/placeholder_grid.jpg";s:5:"sizes";a:7:{s:9:"thumbnail";a:4:{s:4:"file";s:28:"placeholder_grid-150x150.jpg";s:5:"width";i:150;s:6:"height";i:150;s:9:"mime-type";s:10:"image/jpeg";}s:6:"medium";a:4:{s:4:"file";s:28:"placeholder_grid-300x300.jpg";s:5:"width";i:300;s:6:"height";i:300;s:9:"mime-type";s:10:"image/jpeg";}s:14:"shop_thumbnail";a:4:{s:4:"file";s:28:"placeholder_grid-100x100.jpg";s:5:"width";i:100;s:6:"height";i:100;s:9:"mime-type";s:10:"image/jpeg";}s:12:"shop_catalog";a:4:{s:4:"file";s:28:"placeholder_grid-300x350.jpg";s:5:"width";i:300;s:6:"height";i:350;s:9:"mime-type";s:10:"image/jpeg";}s:26:"mpcth-horizontal-columns-3";a:4:{s:4:"file";s:28:"placeholder_grid-350x300.jpg";s:5:"width";i:350;s:6:"height";i:300;s:9:"mime-type";s:10:"image/jpeg";}s:26:"mpcth-horizontal-columns-4";a:4:{s:4:"file";s:28:"placeholder_grid-300x225.jpg";s:5:"width";i:300;s:6:"height";i:225;s:9:"mime-type";s:10:"image/jpeg";}s:24:"mpcth-vertical-columns-4";a:4:{s:4:"file";s:28:"placeholder_grid-300x350.jpg";s:5:"width";i:300;s:6:"height";i:350;s:9:"mime-type";s:10:"image/jpeg";}}s:10:"image_meta";a:10:{s:8:"aperture";i:0;s:6:"credit";s:0:"";s:6:"camera";s:0:"";s:7:"caption";s:0:"";s:17:"created_timestamp";i:0;s:9:"copyright";s:0:"";s:12:"focal_length";i:0;s:3:"iso";i:0;s:13:"shutter_speed";i:0;s:5:"title";s:0:"";}}]]></wp:meta_value>
		</wp:postmeta>
		<wp:postmeta>
			<wp:meta_key>_edit_last</wp:meta_key>
			<wp:meta_value><![CDATA[7]]></wp:meta_value>
		</wp:postmeta>
	</item>
	<item>
				<title>placeholder_grid_wide</title>
		<link>http://demo_grid.dev/?attachment_id=3071</link>
		<pubDate>Sat, 12 Jul 2014 16:03:12 +0000</pubDate>
		<dc:creator><![CDATA[root]]></dc:creator>
		<guid isPermaLink="false">http://blaszok.mpcthemes.com/demo/placeholder_grid_wide.jpg</guid>
		<description></description>
		<content:encoded><![CDATA[]]></content:encoded>
		<excerpt:encoded><![CDATA[]]></excerpt:encoded>
		<wp:post_id>3071</wp:post_id>
		<wp:post_date>2014-07-12 16:03:12</wp:post_date>
		<wp:post_date_gmt>2014-07-12 16:03:12</wp:post_date_gmt>
		<wp:comment_status>open</wp:comment_status>
		<wp:ping_status>open</wp:ping_status>
		<wp:post_name>placeholder_grid_wide</wp:post_name>
		<wp:status>inherit</wp:status>
		<wp:post_parent>0</wp:post_parent>
		<wp:menu_order>0</wp:menu_order>
		<wp:post_type>attachment</wp:post_type>
		<wp:post_password></wp:post_password>
		<wp:is_sticky>0</wp:is_sticky>
		<wp:attachment_url>http://blaszok.mpcthemes.com/demo/placeholder_grid_wide.jpg</wp:attachment_url>
		<wp:postmeta>
			<wp:meta_key>_wp_attached_file</wp:meta_key>
			<wp:meta_value><![CDATA[2014/07/placeholder_grid_wide.jpg]]></wp:meta_value>
		</wp:postmeta>
		<wp:postmeta>
			<wp:meta_key>_wp_attachment_metadata</wp:meta_key>
			<wp:meta_value><![CDATA[a:5:{s:5:"width";i:720;s:6:"height";i:350;s:4:"file";s:33:"2014/07/placeholder_grid_wide.jpg";s:5:"sizes";a:11:{s:9:"thumbnail";a:4:{s:4:"file";s:33:"placeholder_grid_wide-150x150.jpg";s:5:"width";i:150;s:6:"height";i:150;s:9:"mime-type";s:10:"image/jpeg";}s:6:"medium";a:4:{s:4:"file";s:33:"placeholder_grid_wide-300x145.jpg";s:5:"width";i:300;s:6:"height";i:145;s:9:"mime-type";s:10:"image/jpeg";}s:14:"shop_thumbnail";a:4:{s:4:"file";s:33:"placeholder_grid_wide-100x100.jpg";s:5:"width";i:100;s:6:"height";i:100;s:9:"mime-type";s:10:"image/jpeg";}s:12:"shop_catalog";a:4:{s:4:"file";s:33:"placeholder_grid_wide-300x350.jpg";s:5:"width";i:300;s:6:"height";i:350;s:9:"mime-type";s:10:"image/jpeg";}s:11:"shop_single";a:4:{s:4:"file";s:33:"placeholder_grid_wide-600x350.jpg";s:5:"width";i:600;s:6:"height";i:350;s:9:"mime-type";s:10:"image/jpeg";}s:26:"mpcth-horizontal-columns-2";a:4:{s:4:"file";s:33:"placeholder_grid_wide-600x350.jpg";s:5:"width";i:600;s:6:"height";i:350;s:9:"mime-type";s:10:"image/jpeg";}s:26:"mpcth-horizontal-columns-3";a:4:{s:4:"file";s:33:"placeholder_grid_wide-400x300.jpg";s:5:"width";i:400;s:6:"height";i:300;s:9:"mime-type";s:10:"image/jpeg";}s:26:"mpcth-horizontal-columns-4";a:4:{s:4:"file";s:33:"placeholder_grid_wide-300x225.jpg";s:5:"width";i:300;s:6:"height";i:225;s:9:"mime-type";s:10:"image/jpeg";}s:24:"mpcth-vertical-columns-2";a:4:{s:4:"file";s:33:"placeholder_grid_wide-600x350.jpg";s:5:"width";i:600;s:6:"height";i:350;s:9:"mime-type";s:10:"image/jpeg";}s:24:"mpcth-vertical-columns-3";a:4:{s:4:"file";s:33:"placeholder_grid_wide-400x350.jpg";s:5:"width";i:400;s:6:"height";i:350;s:9:"mime-type";s:10:"image/jpeg";}s:24:"mpcth-vertical-columns-4";a:4:{s:4:"file";s:33:"placeholder_grid_wide-300x350.jpg";s:5:"width";i:300;s:6:"height";i:350;s:9:"mime-type";s:10:"image/jpeg";}}s:10:"image_meta";a:10:{s:8:"aperture";i:0;s:6:"credit";s:0:"";s:6:"camera";s:0:"";s:7:"caption";s:0:"";s:17:"created_timestamp";i:0;s:9:"copyright";s:0:"";s:12:"focal_length";i:0;s:3:"iso";i:0;s:13:"shutter_speed";i:0;s:5:"title";s:0:"";}}]]></wp:meta_value>
		</wp:postmeta>
		<wp:postmeta>
			<wp:meta_key>_edit_last</wp:meta_key>
			<wp:meta_value><![CDATA[7]]></wp:meta_value>
		</wp:postmeta>
	</item>
</channel>
</rss>
