<?xml version="1.0" encoding="UTF-8" ?>
<!-- This is a WordPress eXtended RSS file generated by WordPress as an export of your site. -->
<!-- It contains information about your site's posts, pages, comments, categories, and other content. -->
<!-- You may use this file to transfer that content from one site to another. -->
<!-- This file is not intended to serve as a complete backup of your site. -->

<!-- To import this information into a WordPress site follow these steps: -->
<!-- 1. Log in to that site as an administrator. -->
<!-- 2. Go to Tools: Import in the WordPress admin panel. -->
<!-- 3. Install the "WordPress" importer from the list. -->
<!-- 4. Activate & Run Importer. -->
<!-- 5. Upload this file using the form provided on that page. -->
<!-- 6. You will first be asked to map the authors in this export file to users -->
<!--    on the site. For each author, you may choose to map to an -->
<!--    existing user on the site or to create a new user. -->
<!-- 7. WordPress will then import each of the posts, pages, comments, categories, etc. -->
<!--    contained in this file into your site. -->

<!-- generator="WordPress/3.9.1" created="2014-07-18 06:01" -->
<rss version="2.0"
	xmlns:excerpt="http://wordpress.org/export/1.2/excerpt/"
	xmlns:content="http://purl.org/rss/1.0/modules/content/"
	xmlns:wfw="http://wellformedweb.org/CommentAPI/"
	xmlns:dc="http://purl.org/dc/elements/1.1/"
	xmlns:wp="http://wordpress.org/export/1.2/"
>

<channel>
	<title>Blaszok - Ultimate Multi-Purpose Resposive Theme</title>
	<link>http://demo_top_parallax.dev</link>
	<description>Shop with Blaszok</description>
	<pubDate>Fri, 18 Jul 2014 06:01:55 +0000</pubDate>
	<language>en-US</language>
	<wp:wxr_version>1.2</wp:wxr_version>
	<wp:base_site_url>http://demo_top_parallax.dev</wp:base_site_url>
	<wp:base_blog_url>http://demo_top_parallax.dev</wp:base_blog_url>

	<wp:author><wp:author_id>7</wp:author_id><wp:author_login>root</wp:author_login><wp:author_email>root@root.com</wp:author_email><wp:author_display_name><![CDATA[root]]></wp:author_display_name><wp:author_first_name><![CDATA[]]></wp:author_first_name><wp:author_last_name><![CDATA[]]></wp:author_last_name></wp:author>

	<item>
				<title>Demo Top Parallax - Home</title>
		<link>http://demo_top_parallax.dev/</link>
		<pubDate>Wed, 19 Feb 2014 10:20:19 +0000</pubDate>
		<dc:creator><![CDATA[root]]></dc:creator>
		<guid isPermaLink="false">http://demo_top_parallax.dev/?page_id=983</guid>
		<description></description>
		<content:encoded><![CDATA[[vc_row font_color="#ffffff" overlay_color="#000000" overlay_color_opacity="35" overlay_pattern_opacity="0" full_width="1" parallax="1" bg_image_repeat="cover" overlay_pattern="1253" css=".vc_custom_1405663048845{margin-bottom: 2em !important;padding: 12em 0em 10em !important;background-image: url(http://demo_top_parallax.dev/wp-content/uploads/2014/02/placeholder.jpg?id=2959) !important;background-position: center !important;background-repeat: no-repeat !important;background-size: cover !important;}" bg_image_fb="2959" toc_id="chowaj_trojkat" bg_image_repeat_fb="cover"][vc_column width="1/1"][/vc_column][/vc_row][vc_row overlay_color_opacity="50" overlay_pattern_opacity="50" css_animation="bottom-to-top" css=".vc_custom_1400847528634{margin-bottom: 3em !important;padding-top: 1.5em !important;}"][vc_column width="1/3"][vc_single_image image="2959" alignment="center" border_color="grey" img_link_target="_self" img_size="full" link="http://blaszok.mpcthemes.com/fashion_parallax/product-category/womens-fashion/dresses/"][/vc_column][vc_column width="1/3"][vc_single_image image="2959" alignment="center" border_color="grey" img_link_target="_self" img_size="full" link="http://blaszok.mpcthemes.com/fashion_parallax/product-category/mens-fashion/"][/vc_column][vc_column width="1/3"][vc_single_image image="2959" alignment="center" border_color="grey" img_link_target="_self" img_size="full"][/vc_column][/vc_row][vc_row margin_bottom="3em" overlay_color_opacity="50" overlay_pattern_opacity="50" padding="1em 0em 0em 0em" css_animation="bottom-to-top"][vc_column width="1/1"][mpc_vc_images_slider images="2962,2961,2960,2959" links="#,#,#,#,#,#,#,#,#,#,#,#" brands="1"][/vc_column][/vc_row][vc_row overlay_color_opacity="50" overlay_pattern_opacity="50" css_animation="top-to-bottom"][vc_column width="1/1"][mpc_vc_deco_header type="h5" text="View Lookbooks"][mpc_vc_lookbooks_slider][/vc_column][/vc_row][vc_row font_color="#ffffff" padding="5em 0 4em 0" margin_bottom="2em" bg_image="608" overlay_color="#000000" overlay_color_opacity="50" overlay_pattern="1253" overlay_pattern_opacity="50" full_width="1" parallax="1" bg_image_repeat="cover"][vc_column width="1/1"][vc_column_text]
<h2 style="text-align: center; margin-bottom: -0.5em;">WHAT CLIENTS THINK ABOUT US</h2>
[/vc_column_text][mpc_vc_testimonials_slider][{"author":"Samantha Johnes, Happy Customer","text":"LOREM IPSUM DOLOR SIT AMET, CONSECTETUR ADIPISCING ELIT. ETIAM QUIS LEO AT MAURIS FAUCIBUS SUSCIPIT. SED ORCI ARCU, TINCIDUNT AT COMMODO IN, CONSECTETUR SED ENIM. VESTIBULUM ALIQUET JUSTO RUTRUM MAGNA TINCIDUNT FRINGILLA."},{"author":"Mahatma Gandhi, CEO at DIVERSE","text":"MORBI UT LIGULA ARCU. NULLAM ELEIFEND NISL FACILISIS TURPIS LUCTUS A BIBENDUM NISL VULPUTATE. CRAS FEUGIAT LEO A NULLA ALIQUET VITAE AUCTOR ODIO EGESTAS. PHASELLUS IACULIS POSUERE VELIT, CONGUE PLACERAT DUI RHONCUS VEL."},{"author":"Steve Jobs, Apple CEO","text":"CUM SOCIIS NATOQUE PENATIBUS ET MAGNIS DIS PARTURIENT MONTES, NASCETUR RIDICULUS MUS. NULLAM UT MI IN DUI CONSECTETUR EGESTAS EGET VITAE ODIO, LOREM IPSUM DOLAR SIT AMEN."},{"author":"John Doe, ThemeForest.net","text":"PELLENTESQUE PELLENTESQUE PHARETRA LACUS, EGET ALIQUET MI MATTIS EU. CUM SOCIIS NATOQUE PENATIBUS ET MAGNIS DIS PARTURIENT MONTES, NASCETUR RIDICULUS MUS. NULLAM UT MI IN DUI CONSECTETUR EGESTAS EGET VITAE ODIO. MORBI UT LIGULA ARCU"}][/mpc_vc_testimonials_slider][/vc_column][/vc_row][vc_row overlay_color_opacity="50" overlay_pattern_opacity="50" css_animation="bottom-to-top"][vc_column width="1/1"][vc_cta_button call_text="Register Now And Get $20 Discount" title="Click to Register " target="_self" position="cta_align_bottom" custom_color="#5bcfcf" custom_icon="fa-users" custom_pos="right" href="#"][/vc_column][/vc_row]]]></content:encoded>
		<excerpt:encoded><![CDATA[]]></excerpt:encoded>
		<wp:post_id>983</wp:post_id>
		<wp:post_date>2014-02-19 10:20:19</wp:post_date>
		<wp:post_date_gmt>2014-02-19 10:20:19</wp:post_date_gmt>
		<wp:comment_status>closed</wp:comment_status>
		<wp:ping_status>closed</wp:ping_status>
		<wp:post_name>home</wp:post_name>
		<wp:status>publish</wp:status>
		<wp:post_parent>0</wp:post_parent>
		<wp:menu_order>0</wp:menu_order>
		<wp:post_type>page</wp:post_type>
		<wp:post_password></wp:post_password>
		<wp:is_sticky>0</wp:is_sticky>
		<wp:postmeta>
			<wp:meta_key>_edit_last</wp:meta_key>
			<wp:meta_value><![CDATA[7]]></wp:meta_value>
		</wp:postmeta>
		<wp:postmeta>
			<wp:meta_key>_wp_page_template</wp:meta_key>
			<wp:meta_value><![CDATA[template-fullwidth.php]]></wp:meta_value>
		</wp:postmeta>
		<wp:postmeta>
			<wp:meta_key>_wpb_vc_js_status</wp:meta_key>
			<wp:meta_value><![CDATA[true]]></wp:meta_value>
		</wp:postmeta>
		<wp:postmeta>
			<wp:meta_key>_wpb_vc_js_interface_version</wp:meta_key>
			<wp:meta_value><![CDATA[2]]></wp:meta_value>
		</wp:postmeta>
		<wp:postmeta>
			<wp:meta_key>slide_template</wp:meta_key>
			<wp:meta_value><![CDATA[default]]></wp:meta_value>
		</wp:postmeta>
		<wp:postmeta>
			<wp:meta_key>_s2mail</wp:meta_key>
			<wp:meta_value><![CDATA[yes]]></wp:meta_value>
		</wp:postmeta>
		<wp:postmeta>
			<wp:meta_key>vc_teaser</wp:meta_key>
			<wp:meta_value><![CDATA[a:2:{s:4:"data";s:115:"[{"name":"title","link":"post"},{"name":"image","image":"featured","link":"none"},{"name":"text","mode":"excerpt"}]";s:7:"bgcolor";s:0:"";}]]></wp:meta_value>
		</wp:postmeta>
		<wp:postmeta>
			<wp:meta_key>mpc_header_content</wp:meta_key>
			<wp:meta_value><![CDATA[]]></wp:meta_value>
		</wp:postmeta>
		<wp:postmeta>
			<wp:meta_key>_mpc_header_content</wp:meta_key>
			<wp:meta_value><![CDATA[field_52ef41f52a926]]></wp:meta_value>
		</wp:postmeta>
		<wp:postmeta>
			<wp:meta_key>mpc_hide_title</wp:meta_key>
			<wp:meta_value><![CDATA[1]]></wp:meta_value>
		</wp:postmeta>
		<wp:postmeta>
			<wp:meta_key>_mpc_hide_title</wp:meta_key>
			<wp:meta_value><![CDATA[field_53045ff3dc44b]]></wp:meta_value>
		</wp:postmeta>
		<wp:postmeta>
			<wp:meta_key>mpc_custom_sidebar_position</wp:meta_key>
			<wp:meta_value><![CDATA[0]]></wp:meta_value>
		</wp:postmeta>
		<wp:postmeta>
			<wp:meta_key>_mpc_custom_sidebar_position</wp:meta_key>
			<wp:meta_value><![CDATA[field_526129a80e850]]></wp:meta_value>
		</wp:postmeta>
		<wp:postmeta>
			<wp:meta_key>_wpb_shortcodes_custom_css</wp:meta_key>
			<wp:meta_value><![CDATA[.vc_custom_1405663048845{margin-bottom: 2em !important;padding: 12em 0em 10em !important;background-image: url(http://demo_top_parallax.dev/wp-content/uploads/2014/02/placeholder.jpg?id=2959) !important;background-position: center !important;background-repeat: no-repeat !important;background-size: cover !important;}.vc_custom_1400847528634{margin-bottom: 3em !important;padding-top: 1.5em !important;}]]></wp:meta_value>
		</wp:postmeta>
		<wp:postmeta>
			<wp:meta_key>mpc_hide_extended_footer</wp:meta_key>
			<wp:meta_value><![CDATA[0]]></wp:meta_value>
		</wp:postmeta>
		<wp:postmeta>
			<wp:meta_key>_mpc_hide_extended_footer</wp:meta_key>
			<wp:meta_value><![CDATA[field_5315b1e623106]]></wp:meta_value>
		</wp:postmeta>
		<wp:postmeta>
			<wp:meta_key>mpc_hide_footer</wp:meta_key>
			<wp:meta_value><![CDATA[0]]></wp:meta_value>
		</wp:postmeta>
		<wp:postmeta>
			<wp:meta_key>_mpc_hide_footer</wp:meta_key>
			<wp:meta_value><![CDATA[field_537b08b894428]]></wp:meta_value>
		</wp:postmeta>
		<wp:postmeta>
			<wp:meta_key>mpc_hide_copyright</wp:meta_key>
			<wp:meta_value><![CDATA[0]]></wp:meta_value>
		</wp:postmeta>
		<wp:postmeta>
			<wp:meta_key>_mpc_hide_copyright</wp:meta_key>
			<wp:meta_value><![CDATA[field_537b08e994429]]></wp:meta_value>
		</wp:postmeta>
		<wp:postmeta>
			<wp:meta_key>mpc_force_header_full_width</wp:meta_key>
			<wp:meta_value><![CDATA[0]]></wp:meta_value>
		</wp:postmeta>
		<wp:postmeta>
			<wp:meta_key>_mpc_force_header_full_width</wp:meta_key>
			<wp:meta_value><![CDATA[field_537ca47225154]]></wp:meta_value>
		</wp:postmeta>
		<wp:postmeta>
			<wp:meta_key>mpc_enable_transparent_header</wp:meta_key>
			<wp:meta_value><![CDATA[1]]></wp:meta_value>
		</wp:postmeta>
		<wp:postmeta>
			<wp:meta_key>_mpc_enable_transparent_header</wp:meta_key>
			<wp:meta_value><![CDATA[field_537dce9aae183]]></wp:meta_value>
		</wp:postmeta>
		<wp:postmeta>
			<wp:meta_key>mpc_background_opacity</wp:meta_key>
			<wp:meta_value><![CDATA[0]]></wp:meta_value>
		</wp:postmeta>
		<wp:postmeta>
			<wp:meta_key>mpc_force_simple_buttons</wp:meta_key>
			<wp:meta_value><![CDATA[1]]></wp:meta_value>
		</wp:postmeta>
		<wp:postmeta>
			<wp:meta_key>_mpc_force_simple_buttons</wp:meta_key>
			<wp:meta_value><![CDATA[field_537dd1c5beb38]]></wp:meta_value>
		</wp:postmeta>
		<wp:postmeta>
			<wp:meta_key>mpc_vertical_center_elements</wp:meta_key>
			<wp:meta_value><![CDATA[1]]></wp:meta_value>
		</wp:postmeta>
		<wp:postmeta>
			<wp:meta_key>_mpc_vertical_center_elements</wp:meta_key>
			<wp:meta_value><![CDATA[field_537f3578e61ae]]></wp:meta_value>
		</wp:postmeta>
		<wp:postmeta>
			<wp:meta_key>mpc_force_font_color</wp:meta_key>
			<wp:meta_value><![CDATA[#ffffff]]></wp:meta_value>
		</wp:postmeta>
		<wp:postmeta>
			<wp:meta_key>_mpc_force_font_color</wp:meta_key>
			<wp:meta_value><![CDATA[field_537dd78871134]]></wp:meta_value>
		</wp:postmeta>
		<wp:postmeta>
			<wp:meta_key>mpc_force_background_color</wp:meta_key>
			<wp:meta_value><![CDATA[#ffffff]]></wp:meta_value>
		</wp:postmeta>
		<wp:postmeta>
			<wp:meta_key>_mpc_force_background_color</wp:meta_key>
			<wp:meta_value><![CDATA[field_537ddd94ed290]]></wp:meta_value>
		</wp:postmeta>
		<wp:postmeta>
			<wp:meta_key>_mpc_background_opacity</wp:meta_key>
			<wp:meta_value><![CDATA[field_537dcee0ae184]]></wp:meta_value>
		</wp:postmeta>
		<wp:postmeta>
			<wp:meta_key>mpc_force_font_color_sticky</wp:meta_key>
			<wp:meta_value><![CDATA[#666666]]></wp:meta_value>
		</wp:postmeta>
		<wp:postmeta>
			<wp:meta_key>_mpc_force_font_color_sticky</wp:meta_key>
			<wp:meta_value><![CDATA[field_537dea8776ffe]]></wp:meta_value>
		</wp:postmeta>
		<wp:postmeta>
			<wp:meta_key>mpc_force_background_color_sticky</wp:meta_key>
			<wp:meta_value><![CDATA[#ffffff]]></wp:meta_value>
		</wp:postmeta>
		<wp:postmeta>
			<wp:meta_key>_mpc_force_background_color_sticky</wp:meta_key>
			<wp:meta_value><![CDATA[field_537deaa576fff]]></wp:meta_value>
		</wp:postmeta>
	</item>
</channel>
</rss>
