<?xml version="1.0" encoding="UTF-8" ?>
<!-- This is a WordPress eXtended RSS file generated by WordPress as an export of your site. -->
<!-- It contains information about your site's posts, pages, comments, categories, and other content. -->
<!-- You may use this file to transfer that content from one site to another. -->
<!-- This file is not intended to serve as a complete backup of your site. -->

<!-- To import this information into a WordPress site follow these steps: -->
<!-- 1. Log in to that site as an administrator. -->
<!-- 2. Go to Tools: Import in the WordPress admin panel. -->
<!-- 3. Install the "WordPress" importer from the list. -->
<!-- 4. Activate & Run Importer. -->
<!-- 5. Upload this file using the form provided on that page. -->
<!-- 6. You will first be asked to map the authors in this export file to users -->
<!--    on the site. For each author, you may choose to map to an -->
<!--    existing user on the site or to create a new user. -->
<!-- 7. WordPress will then import each of the posts, pages, comments, categories, etc. -->
<!--    contained in this file into your site. -->

<!-- generator="WordPress/3.9.1" created="2014-07-17 14:11" -->
<rss version="2.0"
	xmlns:excerpt="http://wordpress.org/export/1.2/excerpt/"
	xmlns:content="http://purl.org/rss/1.0/modules/content/"
	xmlns:wfw="http://wellformedweb.org/CommentAPI/"
	xmlns:dc="http://purl.org/dc/elements/1.1/"
	xmlns:wp="http://wordpress.org/export/1.2/"
>

<channel>
	<title>Blaszok - Ultimate Multi-Purpose Resposive Theme</title>
	<link>http://demo_dance.dev</link>
	<description>Shop with Blaszok</description>
	<pubDate>Thu, 17 Jul 2014 14:11:25 +0000</pubDate>
	<language>en-US</language>
	<wp:wxr_version>1.2</wp:wxr_version>
	<wp:base_site_url>http://demo_dance.dev</wp:base_site_url>
	<wp:base_blog_url>http://demo_dance.dev</wp:base_blog_url>

	<wp:author><wp:author_id>7</wp:author_id><wp:author_login>root</wp:author_login><wp:author_email>root@root.com</wp:author_email><wp:author_display_name><![CDATA[root]]></wp:author_display_name><wp:author_first_name><![CDATA[]]></wp:author_first_name><wp:author_last_name><![CDATA[]]></wp:author_last_name></wp:author>

	<item>
				<title>Demo Dance - Home</title>
		<link>http://demo_dance.dev/</link>
		<pubDate>Wed, 19 Feb 2014 10:20:19 +0000</pubDate>
		<dc:creator><![CDATA[root]]></dc:creator>
		<guid isPermaLink="false">http://demo_dance.dev/?page_id=983</guid>
		<description></description>
		<content:encoded><![CDATA[[vc_row font_color="#ffffff" overlay_color="#000000" overlay_color_opacity="30" overlay_pattern="1253" overlay_pattern_opacity="30" full_width="1" parallax="1" el_class="mpcth-parallax-top" bg_image_repeat="cover" css=".vc_custom_1405598076261{margin-bottom: 5em !important;padding: 10em 0em !important;background-image: url(http://demo_dance.dev/wp-content/uploads/2014/02/placeholder.jpg?id=2959) !important;}" bg_image_fb="2959"][vc_column width="1/1"][vc_column_text]
<h1 style="text-align: center; text-transform: uppercase;">"Gleba" Dancing School for Pros</h1>
[/vc_column_text][/vc_column][/vc_row][vc_row overlay_color_opacity="50" overlay_pattern_opacity="50" margin_bottom="5em" css_animation="bottom-to-top"][vc_column width="1/1"][vc_row_inner][vc_column_inner width="1/1"][vc_column_text]
<h2 style="text-align: center; text-transform: uppercase;">What We Offer</h2>
[/vc_column_text][/vc_column_inner][/vc_row_inner][vc_row_inner][vc_column_inner width="1/4"][mpc_vc_icon_column icon="fa-star" color="#faa732" title="New Lesson Every Day" text="Curabitur hendrerit ultricies ligula ac blandit. Praesent non vulputate turpis. In est nibh, fermentum eget malesuada ut, ultrices ac lacus." link="#"][/vc_column_inner][vc_column_inner width="1/4"][mpc_vc_icon_column icon="fa-certificate" color="#faa732" title="Certified Teachers" text="Curabitur hendrerit ultricies ligula ac blandit. Praesent non vulputate turpis. In est nibh, fermentum eget malesuada ut, ultrices ac lacus." link="#"][/vc_column_inner][vc_column_inner width="1/4"][mpc_vc_icon_column icon="fa-shield" color="#faa732" title="100% Money Back" text="Curabitur hendrerit ultricies ligula ac blandit. Praesent non vulputate turpis. In est nibh, fermentum eget malesuada ut, ultrices ac lacus." link="#"][/vc_column_inner][vc_column_inner width="1/4"][vc_column_text]<strong>Learn About Us</strong>

Lorem ipsum dolor sit amet, consectetur adipiscing elit. Vestibulum aliquet justo rutrum magna tincidunt fringilla.
<blockquote>In eget nisl in justo mattis accumsan eu nec magna. Pellentesque pellentesque pharetra lacus, eget aliquet mi mattis eu.</blockquote>
Nullam ut mi in dui consectetur egestas eget vitae odio. Vestibulum aliquet justo rutrum tincidunt fringilla. Nullam eleifend nisl facilisis turpis luctus a <a href="#">bibendum nisl vulputate</a>.[/vc_column_text][/vc_column_inner][/vc_row_inner][/vc_column][/vc_row][vc_row margin_bottom="-1.5em" overlay_color_opacity="50" overlay_pattern_opacity="50" padding="5em 0em 3em 0em" full_width="1" bg_color="#f3f3f3"][vc_column width="1/1"][vc_column_text]
<h2 style="text-align: center; text-transform: uppercase;">Meet Our DANcers</h2>
[/vc_column_text][/vc_column][/vc_row][vc_row overlay_color_opacity="50" overlay_pattern_opacity="50" padding="0em 0em 3em 0em" full_width="1" margin_bottom="5em" bg_color="#f3f3f3"][vc_column width="2/3"][vc_single_image image="2959" img_link_target="_self" img_size="full" css_animation="bottom-to-top" border_color="grey"][/vc_column][vc_column width="1/3"][vc_accordion active_tab="1"][vc_accordion_tab title="Samantha Johnes"][vc_column_text]Etiam quis leo at mauris faucibus suscipit. Sed orci arcu,<a href="#"> tincidunt at commodo</a> in, consectetur sed enim. Vestibulum aliquet justo rutrum tincidunt fringilla. Pellentesque pellentesque pharetra, eget aliquet mi mattis eu.[/vc_column_text][vc_row_inner el_class="mpc-small-bm"][vc_column_inner width="1/2"][mpc_vc_icon_list icon_color="#faa732" text_color="#666666" icon_list="%5B%7B%22icon%22%3A%22fa%20fa-fw%20fa-trophy%22%2C%22text%22%3A%22Dance%20Central%202013%22%7D%2C%7B%22icon%22%3A%22fa%20fa-fw%20fa-trophy%22%2C%22text%22%3A%22Dance%20Spot%202014%22%7D%5D"][/vc_column_inner][vc_column_inner width="1/2"][mpc_vc_icon_list icon_color="#faa732" text_color="#666666" icon_list="%5B%7B%22icon%22%3A%22fa%20fa-fw%20fa-certificate%22%2C%22text%22%3A%22Modern%20Dancing%22%7D%2C%7B%22icon%22%3A%22fa%20fa-fw%20fa-certificate%22%2C%22text%22%3A%22Hip-Hop%20Dancing%22%7D%5D"][/vc_column_inner][/vc_row_inner][vc_column_text]Cum sociis natoque penatibus et magnis dis parturient montes, nascetur ridiculus mus. <em>Lorem ipsum dolor sit amet, consectetur adipiscing elit. </em>[/vc_column_text][vc_progress_bar values="90|Hip-Hop,80|Twist,70|Modern" bgcolor="bar_orange" options="striped,animated" units="%"][/vc_accordion_tab][vc_accordion_tab title="Mario Bros"][vc_column_text]Cum sociis natoque penatibus et magnis dis parturient montes, nascetur ridiculus mus. <em>Lorem ipsum dolor sit amet, consectetur adipiscing elit. </em>[/vc_column_text][vc_progress_bar values="90|Hip-Hop,80|Twist,70|Modern" bgcolor="bar_orange" options="striped,animated" units="%"][vc_column_text]Etiam quis leo at mauris faucibus suscipit. Sed orci arcu,<a href="#"> tincidunt at commodo</a> in, consectetur sed enim. Vestibulum aliquet justo rutrum tincidunt fringilla. Pellentesque pellentesque pharetra, eget aliquet mi mattis eu.[/vc_column_text][vc_row_inner el_class="mpc-zero-bm"][vc_column_inner width="1/2"][mpc_vc_icon_list icon_color="#faa732" text_color="#666666" icon_list="%5B%7B%22icon%22%3A%22fa%20fa-fw%20fa-trophy%22%2C%22text%22%3A%22Dance%20Central%202013%22%7D%2C%7B%22icon%22%3A%22fa%20fa-fw%20fa-trophy%22%2C%22text%22%3A%22Dance%20Spot%202014%22%7D%5D"][/vc_column_inner][vc_column_inner width="1/2"][mpc_vc_icon_list icon_color="#faa732" text_color="#666666" icon_list="%5B%7B%22icon%22%3A%22fa%20fa-fw%20fa-certificate%22%2C%22text%22%3A%22Modern%20Dancing%22%7D%2C%7B%22icon%22%3A%22fa%20fa-fw%20fa-certificate%22%2C%22text%22%3A%22Hip-Hop%20Dancing%22%7D%5D"][/vc_column_inner][/vc_row_inner][/vc_accordion_tab][vc_accordion_tab title="Sanczo Pansa"][vc_column_text]Etiam quis leo at mauris faucibus suscipit. Sed orci arcu,<a href="#"> tincidunt at commodo</a> in, consectetur sed enim. Vestibulum aliquet justo rutrum tincidunt fringilla. Pellentesque pellentesque pharetra, eget aliquet mi mattis eu.[/vc_column_text][vc_progress_bar values="90|Hip-Hop,80|Twist,70|Modern" bgcolor="bar_orange" options="striped,animated" units="%"][vc_row_inner el_class="mpc-small-bm"][vc_column_inner width="1/2"][mpc_vc_icon_list icon_color="#faa732" text_color="#666666" icon_list="%5B%7B%22icon%22%3A%22fa%20fa-fw%20fa-trophy%22%2C%22text%22%3A%22Dance%20Central%202013%22%7D%2C%7B%22icon%22%3A%22fa%20fa-fw%20fa-trophy%22%2C%22text%22%3A%22Dance%20Spot%202014%22%7D%5D"][/vc_column_inner][vc_column_inner width="1/2"][mpc_vc_icon_list icon_color="#faa732" text_color="#666666" icon_list="%5B%7B%22icon%22%3A%22fa%20fa-fw%20fa-certificate%22%2C%22text%22%3A%22Modern%20Dancing%22%7D%2C%7B%22icon%22%3A%22fa%20fa-fw%20fa-certificate%22%2C%22text%22%3A%22Hip-Hop%20Dancing%22%7D%5D"][/vc_column_inner][/vc_row_inner][vc_column_text]Cum sociis natoque penatibus et magnis dis parturient montes, nascetur ridiculus mus. <em>Lorem ipsum dolor sit amet, consectetur adipiscing elit. </em>[/vc_column_text][/vc_accordion_tab][/vc_accordion][/vc_column][/vc_row][vc_row bg_color="#ffffff" overlay_color_opacity="50" overlay_pattern_opacity="50" full_width="1" padding="0em 0em 1em 0em" css_animation="bottom-to-top"][vc_column width="1/1"][vc_column_text]
<h2 style="text-align: center; text-transform: uppercase; margin-bottom: 2em;">What Will YOu Learn</h2>
[/vc_column_text][vc_row_inner][vc_column_inner width="1/4"][vc_pie value="90" label_value="90" color="btn-warning" title="Hip-Hop" units="%"][/vc_column_inner][vc_column_inner width="1/4"][vc_pie value="60" label_value="60" color="btn-warning" title="Modern" units="%"][/vc_column_inner][vc_column_inner width="1/4"][vc_pie value="70" label_value="90" color="btn-warning" title="Swing" units="%"][/vc_column_inner][vc_column_inner width="1/4"][vc_pie value="33" label_value="33" color="btn-warning" title="Flamenco" units="%"][/vc_column_inner][/vc_row_inner][/vc_column][/vc_row][vc_row bg_color="#f5f5f5" padding="4.5em 0em 3em 0em" overlay_color_opacity="50" overlay_pattern_opacity="50" full_width="1" margin_bottom="-1em" css_animation="left-to-right"][vc_column width="1/1"][vc_cta_button call_text="Always Wanted to learn how to Dance?" title="Sign up for free on-line course Today" target="_self" position="cta_align_right" custom_color="#faa732" custom_icon="fa-arrow-circle-o-right" custom_pos="right" href="#"][/vc_column][/vc_row]]]></content:encoded>
		<excerpt:encoded><![CDATA[]]></excerpt:encoded>
		<wp:post_id>983</wp:post_id>
		<wp:post_date>2014-02-19 10:20:19</wp:post_date>
		<wp:post_date_gmt>2014-02-19 10:20:19</wp:post_date_gmt>
		<wp:comment_status>closed</wp:comment_status>
		<wp:ping_status>closed</wp:ping_status>
		<wp:post_name>home</wp:post_name>
		<wp:status>publish</wp:status>
		<wp:post_parent>0</wp:post_parent>
		<wp:menu_order>0</wp:menu_order>
		<wp:post_type>page</wp:post_type>
		<wp:post_password></wp:post_password>
		<wp:is_sticky>0</wp:is_sticky>
		<wp:postmeta>
			<wp:meta_key>_edit_last</wp:meta_key>
			<wp:meta_value><![CDATA[7]]></wp:meta_value>
		</wp:postmeta>
		<wp:postmeta>
			<wp:meta_key>_wp_page_template</wp:meta_key>
			<wp:meta_value><![CDATA[template-fullwidth.php]]></wp:meta_value>
		</wp:postmeta>
		<wp:postmeta>
			<wp:meta_key>_wpb_vc_js_status</wp:meta_key>
			<wp:meta_value><![CDATA[true]]></wp:meta_value>
		</wp:postmeta>
		<wp:postmeta>
			<wp:meta_key>_wpb_vc_js_interface_version</wp:meta_key>
			<wp:meta_value><![CDATA[2]]></wp:meta_value>
		</wp:postmeta>
		<wp:postmeta>
			<wp:meta_key>slide_template</wp:meta_key>
			<wp:meta_value><![CDATA[default]]></wp:meta_value>
		</wp:postmeta>
		<wp:postmeta>
			<wp:meta_key>_s2mail</wp:meta_key>
			<wp:meta_value><![CDATA[yes]]></wp:meta_value>
		</wp:postmeta>
		<wp:postmeta>
			<wp:meta_key>vc_teaser</wp:meta_key>
			<wp:meta_value><![CDATA[a:2:{s:4:"data";s:115:"[{"name":"title","link":"post"},{"name":"image","image":"featured","link":"none"},{"name":"text","mode":"excerpt"}]";s:7:"bgcolor";s:0:"";}]]></wp:meta_value>
		</wp:postmeta>
		<wp:postmeta>
			<wp:meta_key>mpc_header_content</wp:meta_key>
			<wp:meta_value><![CDATA[]]></wp:meta_value>
		</wp:postmeta>
		<wp:postmeta>
			<wp:meta_key>_mpc_header_content</wp:meta_key>
			<wp:meta_value><![CDATA[field_52ef41f52a926]]></wp:meta_value>
		</wp:postmeta>
		<wp:postmeta>
			<wp:meta_key>mpc_hide_title</wp:meta_key>
			<wp:meta_value><![CDATA[1]]></wp:meta_value>
		</wp:postmeta>
		<wp:postmeta>
			<wp:meta_key>_mpc_hide_title</wp:meta_key>
			<wp:meta_value><![CDATA[field_53045ff3dc44b]]></wp:meta_value>
		</wp:postmeta>
		<wp:postmeta>
			<wp:meta_key>mpc_custom_sidebar_position</wp:meta_key>
			<wp:meta_value><![CDATA[0]]></wp:meta_value>
		</wp:postmeta>
		<wp:postmeta>
			<wp:meta_key>_mpc_custom_sidebar_position</wp:meta_key>
			<wp:meta_value><![CDATA[field_526129a80e850]]></wp:meta_value>
		</wp:postmeta>
		<wp:postmeta>
			<wp:meta_key>_wpb_shortcodes_custom_css</wp:meta_key>
			<wp:meta_value><![CDATA[.vc_custom_1405598076261{margin-bottom: 5em !important;padding: 10em 0em !important;background-image: url(http://demo_dance.dev/wp-content/uploads/2014/02/placeholder.jpg?id=2959) !important;}]]></wp:meta_value>
		</wp:postmeta>
		<wp:postmeta>
			<wp:meta_key>mpc_hide_extended_footer</wp:meta_key>
			<wp:meta_value><![CDATA[0]]></wp:meta_value>
		</wp:postmeta>
		<wp:postmeta>
			<wp:meta_key>_mpc_hide_extended_footer</wp:meta_key>
			<wp:meta_value><![CDATA[field_5315b1e623106]]></wp:meta_value>
		</wp:postmeta>
		<wp:postmeta>
			<wp:meta_key>mpc_hide_footer</wp:meta_key>
			<wp:meta_value><![CDATA[0]]></wp:meta_value>
		</wp:postmeta>
		<wp:postmeta>
			<wp:meta_key>_mpc_hide_footer</wp:meta_key>
			<wp:meta_value><![CDATA[field_537b08b894428]]></wp:meta_value>
		</wp:postmeta>
		<wp:postmeta>
			<wp:meta_key>mpc_hide_copyright</wp:meta_key>
			<wp:meta_value><![CDATA[0]]></wp:meta_value>
		</wp:postmeta>
		<wp:postmeta>
			<wp:meta_key>_mpc_hide_copyright</wp:meta_key>
			<wp:meta_value><![CDATA[field_537b08e994429]]></wp:meta_value>
		</wp:postmeta>
		<wp:postmeta>
			<wp:meta_key>mpc_force_header_full_width</wp:meta_key>
			<wp:meta_value><![CDATA[0]]></wp:meta_value>
		</wp:postmeta>
		<wp:postmeta>
			<wp:meta_key>_mpc_force_header_full_width</wp:meta_key>
			<wp:meta_value><![CDATA[field_537ca47225154]]></wp:meta_value>
		</wp:postmeta>
		<wp:postmeta>
			<wp:meta_key>mpc_enable_transparent_header</wp:meta_key>
			<wp:meta_value><![CDATA[0]]></wp:meta_value>
		</wp:postmeta>
		<wp:postmeta>
			<wp:meta_key>_mpc_enable_transparent_header</wp:meta_key>
			<wp:meta_value><![CDATA[field_537dce9aae183]]></wp:meta_value>
		</wp:postmeta>
	</item>
</channel>
</rss>
