<?xml version="1.0" encoding="UTF-8" ?>
<!-- This is a WordPress eXtended RSS file generated by WordPress as an export of your site. -->
<!-- It contains information about your site's posts, pages, comments, categories, and other content. -->
<!-- You may use this file to transfer that content from one site to another. -->
<!-- This file is not intended to serve as a complete backup of your site. -->

<!-- To import this information into a WordPress site follow these steps: -->
<!-- 1. Log in to that site as an administrator. -->
<!-- 2. Go to Tools: Import in the WordPress admin panel. -->
<!-- 3. Install the "WordPress" importer from the list. -->
<!-- 4. Activate & Run Importer. -->
<!-- 5. Upload this file using the form provided on that page. -->
<!-- 6. You will first be asked to map the authors in this export file to users -->
<!--    on the site. For each author, you may choose to map to an -->
<!--    existing user on the site or to create a new user. -->
<!-- 7. WordPress will then import each of the posts, pages, comments, categories, etc. -->
<!--    contained in this file into your site. -->

<!-- generator="WordPress/3.9.1" created="2014-07-17 19:51" -->
<rss version="2.0"
	xmlns:excerpt="http://wordpress.org/export/1.2/excerpt/"
	xmlns:content="http://purl.org/rss/1.0/modules/content/"
	xmlns:wfw="http://wellformedweb.org/CommentAPI/"
	xmlns:dc="http://purl.org/dc/elements/1.1/"
	xmlns:wp="http://wordpress.org/export/1.2/"
>

<channel>
	<title>Blaszok - Ultimate Multi-Purpose Resposive Theme</title>
	<link>http://demo_real_estate.dev</link>
	<description>Shop with Blaszok</description>
	<pubDate>Thu, 17 Jul 2014 19:51:11 +0000</pubDate>
	<language>en-US</language>
	<wp:wxr_version>1.2</wp:wxr_version>
	<wp:base_site_url>http://demo_real_estate.dev</wp:base_site_url>
	<wp:base_blog_url>http://demo_real_estate.dev</wp:base_blog_url>

	<wp:author><wp:author_id>7</wp:author_id><wp:author_login>root</wp:author_login><wp:author_email>root@root.com</wp:author_email><wp:author_display_name><![CDATA[root]]></wp:author_display_name><wp:author_first_name><![CDATA[]]></wp:author_first_name><wp:author_last_name><![CDATA[]]></wp:author_last_name></wp:author>

	<item>
				<title>Demo Real Estate - Home</title>
		<link>http://demo_real_estate.dev/</link>
		<pubDate>Wed, 19 Feb 2014 10:20:19 +0000</pubDate>
		<dc:creator><![CDATA[root]]></dc:creator>
		<guid isPermaLink="false">http://demo_real_estate.dev/?page_id=983</guid>
		<description></description>
		<content:encoded><![CDATA[[vc_row margin_bottom="3em" overlay_color_opacity="50" overlay_pattern_opacity="50"][vc_column width="1/4"][mpc_vc_icon_column icon="fa-truck" color="#b33c3c" title="We Will Move You" text="Lorem ipsum dolor sit amet, consectetur adipiscing elit. Etiam quis leo at mauris faucibus suscipit."][/vc_column][vc_column width="1/4"][mpc_vc_icon_column icon="fa-shield" color="#b33c3c" title="Solid Security" text="Lorem ipsum dolor sit amet, consectetur adipiscing elit. Etiam quis leo at mauris faucibus suscipit."][/vc_column][vc_column width="1/4"][mpc_vc_icon_column icon="fa-phone" color="#b33c3c" title="Always Available" text="Lorem ipsum dolor sit amet, consectetur adipiscing elit. Etiam quis leo at mauris faucibus suscipit."][/vc_column][vc_column width="1/4"][mpc_vc_icon_column icon="fa-money" color="#b33c3c" title="Online Discounts" text="Lorem ipsum dolor sit amet, consectetur adipiscing elit. Etiam quis leo at mauris faucibus suscipit."][/vc_column][/vc_row][vc_row][vc_column width="1/1"][vc_cta_button call_text="Looking for perfect real estate for your business or family?" title="Give us a Call, we will find it for you!" target="_self" position="cta_align_bottom" custom_color="#b33c3c" custom_icon="fa-phone" custom_pos="left" href="#"][/vc_column][/vc_row][vc_row margin_bottom="3em" overlay_color_opacity="50" overlay_pattern_opacity="50"][vc_column width="1/1"][mpc_vc_deco_header type="h5" text="New Houses"][mpc_vc_products_slider type="recent" number="6" category="all" tag="all"][/vc_column][/vc_row][vc_row font_color="#ffffff" overlay_color="#000000" overlay_color_opacity="50" overlay_pattern="1253" overlay_pattern_opacity="50" full_width="1" parallax="1" bg_image_repeat="cover" css=".vc_custom_1405626286941{margin-bottom: 2em !important;padding-top: 5em !important;padding-bottom: 5em !important;background-image: url(?id=1839) !important;}" bg_image_fb="1839"][vc_column width="1/1"][vc_column_text]
<h2 style="text-align: center; margin-bottom: -0.5em;">CONTACT US</h2>
[/vc_column_text][/vc_column][/vc_row][vc_row][vc_column width="1/4"][vc_column_text]Lorem ipsum dolor sit amet,<strong> consectetur adipiscing</strong> elit. Etiam quis leo at mauris faucibus suscipit. Vestibulum aliquet justo rutrum magna tincidunt fringilla. In eget nisl in justo mattis<a href="#"> accumsan eu nec magna</a>.

Cabrillo Street 298,
San Francisco, USA
41-250

Our support Hotline is available 24 Hours a day: <strong>(111) 321 456 789</strong>
<ul>
	<li><strong>Monday-Friday: </strong>8am to 9pm</li>
	<li><strong>Saturday: </strong>10am to 8pm</li>
	<li><strong>Sunday: </strong>Closed</li>
</ul>
[/vc_column_text][/vc_column][vc_column width="1/2"][vc_gmaps type="m" zoom="17" bubble="1" link="https://maps.google.pl/maps?q=Cabrillo+Street,+San+Francisco,+CA,+United+States&amp;hl=en&amp;ll=37.773505,-122.507697&amp;spn=0.00731,0.015911&amp;sll=37.773021,-122.492355&amp;sspn=0.00731,0.015911&amp;oq=cabrill+Street,+San+Francisco,+CA,+United+States&amp;t=h&amp;hnear=4548+Cabrillo+St,+San+Francisco,+California+94121,+United+States&amp;z=17" size="380"][/vc_column][vc_column width="1/4"][contact-form-7 title="MPC Contact Form"][/vc_column][/vc_row]]]></content:encoded>
		<excerpt:encoded><![CDATA[]]></excerpt:encoded>
		<wp:post_id>983</wp:post_id>
		<wp:post_date>2014-02-19 10:20:19</wp:post_date>
		<wp:post_date_gmt>2014-02-19 10:20:19</wp:post_date_gmt>
		<wp:comment_status>closed</wp:comment_status>
		<wp:ping_status>closed</wp:ping_status>
		<wp:post_name>home</wp:post_name>
		<wp:status>publish</wp:status>
		<wp:post_parent>0</wp:post_parent>
		<wp:menu_order>0</wp:menu_order>
		<wp:post_type>page</wp:post_type>
		<wp:post_password></wp:post_password>
		<wp:is_sticky>0</wp:is_sticky>
		<wp:postmeta>
			<wp:meta_key>_edit_last</wp:meta_key>
			<wp:meta_value><![CDATA[7]]></wp:meta_value>
		</wp:postmeta>
		<wp:postmeta>
			<wp:meta_key>_wp_page_template</wp:meta_key>
			<wp:meta_value><![CDATA[template-fullwidth.php]]></wp:meta_value>
		</wp:postmeta>
		<wp:postmeta>
			<wp:meta_key>_wpb_vc_js_status</wp:meta_key>
			<wp:meta_value><![CDATA[true]]></wp:meta_value>
		</wp:postmeta>
		<wp:postmeta>
			<wp:meta_key>_wpb_vc_js_interface_version</wp:meta_key>
			<wp:meta_value><![CDATA[2]]></wp:meta_value>
		</wp:postmeta>
		<wp:postmeta>
			<wp:meta_key>slide_template</wp:meta_key>
			<wp:meta_value><![CDATA[default]]></wp:meta_value>
		</wp:postmeta>
		<wp:postmeta>
			<wp:meta_key>_s2mail</wp:meta_key>
			<wp:meta_value><![CDATA[yes]]></wp:meta_value>
		</wp:postmeta>
		<wp:postmeta>
			<wp:meta_key>vc_teaser</wp:meta_key>
			<wp:meta_value><![CDATA[a:2:{s:4:"data";s:115:"[{"name":"title","link":"post"},{"name":"image","image":"featured","link":"none"},{"name":"text","mode":"excerpt"}]";s:7:"bgcolor";s:0:"";}]]></wp:meta_value>
		</wp:postmeta>
		<wp:postmeta>
			<wp:meta_key>mpc_header_content</wp:meta_key>
			<wp:meta_value><![CDATA[[rev_slider real_estate-demo_slider]]]></wp:meta_value>
		</wp:postmeta>
		<wp:postmeta>
			<wp:meta_key>_mpc_header_content</wp:meta_key>
			<wp:meta_value><![CDATA[field_52ef41f52a926]]></wp:meta_value>
		</wp:postmeta>
		<wp:postmeta>
			<wp:meta_key>mpc_hide_title</wp:meta_key>
			<wp:meta_value><![CDATA[1]]></wp:meta_value>
		</wp:postmeta>
		<wp:postmeta>
			<wp:meta_key>_mpc_hide_title</wp:meta_key>
			<wp:meta_value><![CDATA[field_53045ff3dc44b]]></wp:meta_value>
		</wp:postmeta>
		<wp:postmeta>
			<wp:meta_key>mpc_custom_sidebar_position</wp:meta_key>
			<wp:meta_value><![CDATA[0]]></wp:meta_value>
		</wp:postmeta>
		<wp:postmeta>
			<wp:meta_key>_mpc_custom_sidebar_position</wp:meta_key>
			<wp:meta_value><![CDATA[field_526129a80e850]]></wp:meta_value>
		</wp:postmeta>
		<wp:postmeta>
			<wp:meta_key>mpc_hide_extended_footer</wp:meta_key>
			<wp:meta_value><![CDATA[1]]></wp:meta_value>
		</wp:postmeta>
		<wp:postmeta>
			<wp:meta_key>_mpc_hide_extended_footer</wp:meta_key>
			<wp:meta_value><![CDATA[field_5315b1e623106]]></wp:meta_value>
		</wp:postmeta>
		<wp:postmeta>
			<wp:meta_key>mpc_hide_footer</wp:meta_key>
			<wp:meta_value><![CDATA[0]]></wp:meta_value>
		</wp:postmeta>
		<wp:postmeta>
			<wp:meta_key>_mpc_hide_footer</wp:meta_key>
			<wp:meta_value><![CDATA[field_537b08b894428]]></wp:meta_value>
		</wp:postmeta>
		<wp:postmeta>
			<wp:meta_key>mpc_hide_copyright</wp:meta_key>
			<wp:meta_value><![CDATA[0]]></wp:meta_value>
		</wp:postmeta>
		<wp:postmeta>
			<wp:meta_key>_mpc_hide_copyright</wp:meta_key>
			<wp:meta_value><![CDATA[field_537b08e994429]]></wp:meta_value>
		</wp:postmeta>
		<wp:postmeta>
			<wp:meta_key>mpc_force_header_full_width</wp:meta_key>
			<wp:meta_value><![CDATA[0]]></wp:meta_value>
		</wp:postmeta>
		<wp:postmeta>
			<wp:meta_key>_mpc_force_header_full_width</wp:meta_key>
			<wp:meta_value><![CDATA[field_537ca47225154]]></wp:meta_value>
		</wp:postmeta>
		<wp:postmeta>
			<wp:meta_key>mpc_enable_transparent_header</wp:meta_key>
			<wp:meta_value><![CDATA[0]]></wp:meta_value>
		</wp:postmeta>
		<wp:postmeta>
			<wp:meta_key>_mpc_enable_transparent_header</wp:meta_key>
			<wp:meta_value><![CDATA[field_537dce9aae183]]></wp:meta_value>
		</wp:postmeta>
		<wp:postmeta>
			<wp:meta_key>_wpb_shortcodes_custom_css</wp:meta_key>
			<wp:meta_value><![CDATA[.vc_custom_1405626286941{margin-bottom: 2em !important;padding-top: 5em !important;padding-bottom: 5em !important;background-image: url(?id=1839) !important;}]]></wp:meta_value>
		</wp:postmeta>
	</item>
</channel>
</rss>
