<?xml version="1.0" encoding="UTF-8" ?>
<!-- This is a WordPress eXtended RSS file generated by WordPress as an export of your site. -->
<!-- It contains information about your site's posts, pages, comments, categories, and other content. -->
<!-- You may use this file to transfer that content from one site to another. -->
<!-- This file is not intended to serve as a complete backup of your site. -->

<!-- To import this information into a WordPress site follow these steps: -->
<!-- 1. Log in to that site as an administrator. -->
<!-- 2. Go to Tools: Import in the WordPress admin panel. -->
<!-- 3. Install the "WordPress" importer from the list. -->
<!-- 4. Activate & Run Importer. -->
<!-- 5. Upload this file using the form provided on that page. -->
<!-- 6. You will first be asked to map the authors in this export file to users -->
<!--    on the site. For each author, you may choose to map to an -->
<!--    existing user on the site or to create a new user. -->
<!-- 7. WordPress will then import each of the posts, pages, comments, categories, etc. -->
<!--    contained in this file into your site. -->

<!-- generator="WordPress/3.9.1" created="2014-07-17 16:43" -->
<rss version="2.0"
	xmlns:excerpt="http://wordpress.org/export/1.2/excerpt/"
	xmlns:content="http://purl.org/rss/1.0/modules/content/"
	xmlns:wfw="http://wellformedweb.org/CommentAPI/"
	xmlns:dc="http://purl.org/dc/elements/1.1/"
	xmlns:wp="http://wordpress.org/export/1.2/"
>

<channel>
	<title>Blaszok - Ultimate Multi-Purpose Resposive Theme</title>
	<link>http://demo_contact.dev</link>
	<description>Shop with Blaszok</description>
	<pubDate>Thu, 17 Jul 2014 16:43:30 +0000</pubDate>
	<language>en-US</language>
	<wp:wxr_version>1.2</wp:wxr_version>
	<wp:base_site_url>http://demo_contact.dev</wp:base_site_url>
	<wp:base_blog_url>http://demo_contact.dev</wp:base_blog_url>

	<wp:author><wp:author_id>7</wp:author_id><wp:author_login>root</wp:author_login><wp:author_email>root@root.com</wp:author_email><wp:author_display_name><![CDATA[root]]></wp:author_display_name><wp:author_first_name><![CDATA[]]></wp:author_first_name><wp:author_last_name><![CDATA[]]></wp:author_last_name></wp:author>

	<item>
				<title>Demo Contact - Home</title>
		<link>http://demo_contact.dev/</link>
		<pubDate>Wed, 19 Feb 2014 10:20:19 +0000</pubDate>
		<dc:creator><![CDATA[root]]></dc:creator>
		<guid isPermaLink="false">http://demo_contact.dev/?page_id=983</guid>
		<description></description>
		<content:encoded><![CDATA[[vc_row overlay_color_opacity="50" overlay_pattern_opacity="50" css_animation="top-to-bottom"][vc_column width="1/1"][mpc_vc_portfolio_posts_slider type="recent" number="8" category="all" tag="all"][/vc_column][/vc_row][vc_row margin_bottom="3em" overlay_color_opacity="50" overlay_pattern_opacity="50" css_animation="top-to-bottom"][vc_column width="1/1"][mpc_vc_deco_header type="h5" text="Newcomers"][mpc_vc_products_slider type="random" number="8" category="13" tag="all"][/vc_column][/vc_row][vc_row margin_bottom="3em" overlay_color_opacity="50" overlay_pattern_opacity="50" padding="1em 0em 0em 0em" css_animation="bottom-to-top"][vc_column width="1/1"][mpc_vc_products_categories_slider filter="womens-fashion,shoes,mens-fashion,accessories,dresses,shirts,pants,jackets,shorts"][/vc_column][/vc_row][vc_row font_color="#ffffff" overlay_color="#000000" overlay_color_opacity="50" overlay_pattern="1253" overlay_pattern_opacity="50" full_width="1" parallax="1" bg_image_repeat="cover" css=".vc_custom_1405614944805{margin-bottom: 2em !important;padding-top: 5em !important;padding-bottom: 5em !important;background-image: url(?id=801) !important;}" bg_image_fb="801"][vc_column width="1/1"][vc_column_text]
<h2 style="margin-bottom: -0.5em; text-align: center;">STAY IN TOUCH</h2>
[/vc_column_text][/vc_column][/vc_row][vc_row overlay_color_opacity="50" overlay_pattern_opacity="50" css_animation="bottom-to-top"][vc_column width="1/3"][vc_gmaps type="m" zoom="14" bubble="1" link="https://maps.google.pl/maps?q=Infinite+Loop+2,+Cupertino,+CA,+United+States&amp;hl=en&amp;ll=37.332611,-122.029961&amp;spn=0.0026,0.004117&amp;sll=50.271399,19.194876&amp;sspn=0.189154,0.527&amp;t=h&amp;hnear=2+Infinite+Loop,+Cupertino,+California+95014,+United+States&amp;z=19" size="340" el_class="mpcth-home-page-map"][/vc_column][vc_column width="1/3"][contact-form-7 title="MPC Contact Form"][/vc_column][vc_column width="1/3"][vc_tabs][vc_tab title="Details" tab_id="1393843591-1-6"][vc_column_text]Lorem ipsum dolor sit amet, <strong>consectetur adipiscing elit</strong>. Etiam quis leo at mauris faucibus suscipit. Sed orci arcu, tincidunt at commodo in <a href="#">accumsan eu nec magna</a>.[/vc_column_text][vc_column_text]2 Infinity Loop
Cupertino, USA
41-250

Our support Hotline is available 24 Hours a day: <strong>(111) 321 456 789</strong>
<ul>
	<li><strong>Monday-Friday: </strong>8am to 9pm</li>
	<li><strong>Saturday: </strong>10am to 8pm</li>
	<li><strong>Sunday: </strong>Closed</li>
</ul>
[/vc_column_text][/vc_tab][vc_tab title="Additional Information" tab_id="1393843591-2-99"][vc_column_text]Consectetur sed enim. Vestibulum aliquet justo rutrum magna tincidunt fringilla,  <a href="#">accumsan eu nec magna</a>.[/vc_column_text][vc_row_inner el_class="mpc-small-bm"][vc_column_inner width="1/2"][mpc_vc_icon_list icon_color="#666666" text_color="#666666" icon_list="%5B%7B%22icon%22%3A%22fa%20fa-fw%20fa-comments-o%22%2C%22text%22%3A%22Lorem%20ipsum%20dolor.%22%7D%2C%7B%22icon%22%3A%22fa%20fa-fw%20fa-bullhorn%22%2C%22text%22%3A%22Consectetur%20adipiscing%22%7D%5D"][/vc_column_inner][vc_column_inner width="1/2"][mpc_vc_icon_list icon_color="#666666" text_color="#666666" icon_list="%5B%7B%22icon%22%3A%22fa%20fa-fw%20fa-calendar%22%2C%22text%22%3A%22Etiam%20quis%20leo%20at%20mauris.%22%7D%2C%7B%22icon%22%3A%22fa%20fa-fw%20fa-bullseye%22%2C%22text%22%3A%22Sed%20orci%20arcu%2C%20tincidunt.%22%7D%5D"][/vc_column_inner][/vc_row_inner][vc_column_text]Pellentesque pellentesque pharetra lacus,<a href="#"> eget aliquet</a> mi mattis eu. Cum sociis natoque penatibus et magnis dis parturient montes, nascetur ridiculus mus. Nullam ut mi in dui <strong>consectetur egestas eget</strong> vitae odio. Morbi ut ligula arcu. Nullam eleifend nisl facilisis turpis luctus a bibendum nisl vulputate.[/vc_column_text][/vc_tab][/vc_tabs][/vc_column][/vc_row]]]></content:encoded>
		<excerpt:encoded><![CDATA[]]></excerpt:encoded>
		<wp:post_id>983</wp:post_id>
		<wp:post_date>2014-02-19 10:20:19</wp:post_date>
		<wp:post_date_gmt>2014-02-19 10:20:19</wp:post_date_gmt>
		<wp:comment_status>closed</wp:comment_status>
		<wp:ping_status>closed</wp:ping_status>
		<wp:post_name>home</wp:post_name>
		<wp:status>publish</wp:status>
		<wp:post_parent>0</wp:post_parent>
		<wp:menu_order>0</wp:menu_order>
		<wp:post_type>page</wp:post_type>
		<wp:post_password></wp:post_password>
		<wp:is_sticky>0</wp:is_sticky>
		<wp:postmeta>
			<wp:meta_key>_edit_last</wp:meta_key>
			<wp:meta_value><![CDATA[7]]></wp:meta_value>
		</wp:postmeta>
		<wp:postmeta>
			<wp:meta_key>_wp_page_template</wp:meta_key>
			<wp:meta_value><![CDATA[template-fullwidth.php]]></wp:meta_value>
		</wp:postmeta>
		<wp:postmeta>
			<wp:meta_key>_wpb_vc_js_status</wp:meta_key>
			<wp:meta_value><![CDATA[true]]></wp:meta_value>
		</wp:postmeta>
		<wp:postmeta>
			<wp:meta_key>_wpb_vc_js_interface_version</wp:meta_key>
			<wp:meta_value><![CDATA[2]]></wp:meta_value>
		</wp:postmeta>
		<wp:postmeta>
			<wp:meta_key>slide_template</wp:meta_key>
			<wp:meta_value><![CDATA[default]]></wp:meta_value>
		</wp:postmeta>
		<wp:postmeta>
			<wp:meta_key>_s2mail</wp:meta_key>
			<wp:meta_value><![CDATA[yes]]></wp:meta_value>
		</wp:postmeta>
		<wp:postmeta>
			<wp:meta_key>vc_teaser</wp:meta_key>
			<wp:meta_value><![CDATA[a:2:{s:4:"data";s:115:"[{"name":"title","link":"post"},{"name":"image","image":"featured","link":"none"},{"name":"text","mode":"excerpt"}]";s:7:"bgcolor";s:0:"";}]]></wp:meta_value>
		</wp:postmeta>
		<wp:postmeta>
			<wp:meta_key>mpc_header_content</wp:meta_key>
			<wp:meta_value><![CDATA[[rev_slider contact-demo_slider]]]></wp:meta_value>
		</wp:postmeta>
		<wp:postmeta>
			<wp:meta_key>_mpc_header_content</wp:meta_key>
			<wp:meta_value><![CDATA[field_52ef41f52a926]]></wp:meta_value>
		</wp:postmeta>
		<wp:postmeta>
			<wp:meta_key>mpc_hide_title</wp:meta_key>
			<wp:meta_value><![CDATA[1]]></wp:meta_value>
		</wp:postmeta>
		<wp:postmeta>
			<wp:meta_key>_mpc_hide_title</wp:meta_key>
			<wp:meta_value><![CDATA[field_53045ff3dc44b]]></wp:meta_value>
		</wp:postmeta>
		<wp:postmeta>
			<wp:meta_key>mpc_custom_sidebar_position</wp:meta_key>
			<wp:meta_value><![CDATA[0]]></wp:meta_value>
		</wp:postmeta>
		<wp:postmeta>
			<wp:meta_key>_mpc_custom_sidebar_position</wp:meta_key>
			<wp:meta_value><![CDATA[field_526129a80e850]]></wp:meta_value>
		</wp:postmeta>
		<wp:postmeta>
			<wp:meta_key>mpc_hide_extended_footer</wp:meta_key>
			<wp:meta_value><![CDATA[0]]></wp:meta_value>
		</wp:postmeta>
		<wp:postmeta>
			<wp:meta_key>_mpc_hide_extended_footer</wp:meta_key>
			<wp:meta_value><![CDATA[field_5315b1e623106]]></wp:meta_value>
		</wp:postmeta>
		<wp:postmeta>
			<wp:meta_key>mpc_hide_footer</wp:meta_key>
			<wp:meta_value><![CDATA[0]]></wp:meta_value>
		</wp:postmeta>
		<wp:postmeta>
			<wp:meta_key>_mpc_hide_footer</wp:meta_key>
			<wp:meta_value><![CDATA[field_537b08b894428]]></wp:meta_value>
		</wp:postmeta>
		<wp:postmeta>
			<wp:meta_key>mpc_hide_copyright</wp:meta_key>
			<wp:meta_value><![CDATA[0]]></wp:meta_value>
		</wp:postmeta>
		<wp:postmeta>
			<wp:meta_key>_mpc_hide_copyright</wp:meta_key>
			<wp:meta_value><![CDATA[field_537b08e994429]]></wp:meta_value>
		</wp:postmeta>
		<wp:postmeta>
			<wp:meta_key>mpc_force_header_full_width</wp:meta_key>
			<wp:meta_value><![CDATA[0]]></wp:meta_value>
		</wp:postmeta>
		<wp:postmeta>
			<wp:meta_key>_mpc_force_header_full_width</wp:meta_key>
			<wp:meta_value><![CDATA[field_537ca47225154]]></wp:meta_value>
		</wp:postmeta>
		<wp:postmeta>
			<wp:meta_key>mpc_enable_transparent_header</wp:meta_key>
			<wp:meta_value><![CDATA[0]]></wp:meta_value>
		</wp:postmeta>
		<wp:postmeta>
			<wp:meta_key>_mpc_enable_transparent_header</wp:meta_key>
			<wp:meta_value><![CDATA[field_537dce9aae183]]></wp:meta_value>
		</wp:postmeta>
		<wp:postmeta>
			<wp:meta_key>_wpb_shortcodes_custom_css</wp:meta_key>
			<wp:meta_value><![CDATA[.vc_custom_1405614944805{margin-bottom: 2em !important;padding-top: 5em !important;padding-bottom: 5em !important;background-image: url(?id=801) !important;}]]></wp:meta_value>
		</wp:postmeta>
	</item>
</channel>
</rss>
