<?xml version="1.0" encoding="UTF-8" ?>
<!-- This is a WordPress eXtended RSS file generated by WordPress as an export of your site. -->
<!-- It contains information about your site's posts, pages, comments, categories, and other content. -->
<!-- You may use this file to transfer that content from one site to another. -->
<!-- This file is not intended to serve as a complete backup of your site. -->

<!-- To import this information into a WordPress site follow these steps: -->
<!-- 1. Log in to that site as an administrator. -->
<!-- 2. Go to Tools: Import in the WordPress admin panel. -->
<!-- 3. Install the "WordPress" importer from the list. -->
<!-- 4. Activate & Run Importer. -->
<!-- 5. Upload this file using the form provided on that page. -->
<!-- 6. You will first be asked to map the authors in this export file to users -->
<!--    on the site. For each author, you may choose to map to an -->
<!--    existing user on the site or to create a new user. -->
<!-- 7. WordPress will then import each of the posts, pages, comments, categories, etc. -->
<!--    contained in this file into your site. -->

<!-- generator="WordPress/3.9.1" created="2014-07-21 21:20" -->
<rss version="2.0"
	xmlns:excerpt="http://wordpress.org/export/1.2/excerpt/"
	xmlns:content="http://purl.org/rss/1.0/modules/content/"
	xmlns:wfw="http://wellformedweb.org/CommentAPI/"
	xmlns:dc="http://purl.org/dc/elements/1.1/"
	xmlns:wp="http://wordpress.org/export/1.2/"
>

<channel>
	<title>Blaszok - Ultimate Multi-Purpose Resposive Theme</title>
	<link>http://demo_one_page.dev</link>
	<description>Shop with Blaszok</description>
	<pubDate>Mon, 21 Jul 2014 21:20:44 +0000</pubDate>
	<language>en-US</language>
	<wp:wxr_version>1.2</wp:wxr_version>
	<wp:base_site_url>http://demo_one_page.dev</wp:base_site_url>
	<wp:base_blog_url>http://demo_one_page.dev</wp:base_blog_url>

	<wp:author><wp:author_id>7</wp:author_id><wp:author_login>root</wp:author_login><wp:author_email>root@root.com</wp:author_email><wp:author_display_name><![CDATA[root]]></wp:author_display_name><wp:author_first_name><![CDATA[]]></wp:author_first_name><wp:author_last_name><![CDATA[]]></wp:author_last_name></wp:author>

	<wp:term><wp:term_id>445</wp:term_id><wp:term_taxonomy>nav_menu</wp:term_taxonomy><wp:term_slug>demo-one-page</wp:term_slug><wp:term_name><![CDATA[Demo - One Page]]></wp:term_name></wp:term>

	<generator>http://wordpress.org/?v=3.9.1</generator>

	<item>
				<title>Demo One Page - Home</title>
		<link>http://demo_one_page.dev/</link>
		<pubDate>Wed, 19 Feb 2014 10:20:19 +0000</pubDate>
		<dc:creator><![CDATA[root]]></dc:creator>
		<guid isPermaLink="false">http://demo_one_page.dev/?page_id=3154</guid>
		<description></description>
		<content:encoded><![CDATA[[vc_row overlay_color_opacity="50" overlay_pattern_opacity="50" toc_id="hello" css=".vc_custom_1405976880769{padding-top: 2em !important;padding-bottom: 32em !important;background-image: url(http://demo_one_page.dev/wp-content/uploads/2014/02/placeholder.jpg?id=2959) !important;background-position: center !important;background-repeat: no-repeat !important;background-size: contain !important;}" full_width="1" bg_image_fb="2959" bg_image_repeat_fb="cover"][vc_column width="1/1"][vc_column_text css=".vc_custom_1402490983444{padding-top: 5em !important;padding-bottom: 1em !important;}"]
<h1 style="text-align: center; font-size: 48px;">Meet Blaszok</h1>
[/vc_column_text][vc_separator color="grey" el_width="10" accent_color="#dddddd"][vc_column_text css=".vc_custom_1402491102745{padding-top: 2em !important;padding-right: 10em !important;padding-left: 10em !important;}"]
<p style="text-align: center;">Lorem ipsum dolor sit amet, consectetur adipiscing elit. Etiam quis leo at mauris faucibus suscipit. Sed orci arcu, tincidunt at commodo in, consectetur sed enim. Vestibulum aliquet justo rutrum magna tincidunt fringilla. In eget nisl in justo mattis accumsan eu nec magna. Pellentesque pellentesque pharetra lacus, eget aliquet mi mattis eu. Cum sociis natoque penatibus et magnis dis parturient montes, nascetur ridiculus mus.</p>
[/vc_column_text][vc_row_inner css=".vc_custom_1405975809527{padding-top: 2em !important;}" el_class="mpc-buttons"][vc_column_inner width="1/2" el_class="mpc-align-right"][vc_button2 title="View Features" style="outlined" color="black" size="md" el_class="mpc-align-left"][/vc_column_inner][vc_column_inner width="1/2" el_class="mpc-align-left"][vc_button2 title="Buy It Now" style="rounded" color="sandy_brown" size="md" el_class="mpc-align-right"][/vc_column_inner][/vc_row_inner][/vc_column][/vc_row][vc_row css=".vc_custom_1402654288490{margin-top: -15px !important;padding-top: 4em !important;padding-bottom: 0.75em !important;background-color: #e88b61 !important;}" overlay_color_opacity="0" full_width="1" font_color="#f7f7f7" overlay_pattern_opacity="50"][vc_column width="5/6"][vc_column_text]
<h2 style="text-transform: uppercase; font-size: 36px;">Start Selling Today. It Is Easy As One Click</h2>
[/vc_column_text][/vc_column][vc_column width="1/6" css=".vc_custom_1403682422100{margin-top: 3px !important;}" el_class="mpc-m-c"][vc_button2 title="Buy It Now" style="rounded" color="white" size="md" el_class="mpc-align-right"][/vc_column][/vc_row][vc_row overlay_color_opacity="50" overlay_pattern_opacity="50" full_width="1" css=".vc_custom_1402920666482{padding-top: 2em !important;padding-bottom: 5em !important;}" toc_id="features"][vc_column width="1/1"][vc_column_text css=".vc_custom_1402567757936{padding-top: 5em !important;padding-bottom: 1em !important;}"]
<h1 style="text-align: center; font-size: 48px;">Key Features</h1>
[/vc_column_text][vc_separator color="grey" el_width="10" accent_color="#dddddd"][vc_row_inner css=".vc_custom_1403074279822{padding-top: 3em !important;}"][vc_column_inner width="1/2" el_class="mpc-mb-0"][mpc_vc_icon_column icon="fa-gift" color="#f79468" title="Ultimate Bundle - Save $141 " text="Blaszok is the ultimate bundle it comes with a plugin bundle worth $141. Included: Visual Composer, Revolution Slider, Layer Slider, Custom Widgets, QuickView for WooCommerce, Custom Shortcodes, CSS3 Pricing Tables, Multiple Images per Variation for WooCommerce and many more. View Full list." simple_version="1"][mpc_vc_icon_column icon="fa-magic" color="#f79468" title="Endless possibilities" text="This theme comes with 4 predefined skins, unlimited color settings, 600+ fonts. Combined with the page templates and shortcodes build inside this gives you truly endless possibilities. With Blaszok you can create simple one page websites or vast complex shops the only limitation is your imagination as you can see by the 15 demo pages." simple_version="1"][mpc_vc_icon_column icon="fa-code-fork" color="#f79468" title="Constant Updates" text="In MPC we are big believers in evolutions thats why we are updating &amp; developing this theme constantly (15 updates in the first 2 months). We are also taking the feedback from our customers very seriously we have already deployed more then a 100 client requested features. Join us, there is nothing to loose." simple_version="1"][/vc_column_inner][vc_column_inner width="1/2"][mpc_vc_icon_column icon="fa-shopping-cart" color="#f79468" title="Most Complete eCommerce Theme" text="Blaszok comes with tones of eCommerce features. Apart from all of the essentials features like shopping card, coupons etc. It also adds features like currency, multi language, quick view, size guides, ability to add custom descriptions tabs, disable the price and much much more... " simple_version="1"][mpc_vc_icon_column icon="fa-cubes" color="#f79468" title="Strong foundations" text="Blaszok is build on our own boilerplate which provides you with stability, seo friendly and clean code. It also adds features like responsiveness, retina ready, portfolio, Lightbox, mega menus and much more out of the box. " simple_version="1"][mpc_vc_icon_column icon="fa-users" color="#f79468" title="5 Star Support" text="We are providing a 5 star support which can be see by the themes testimonials and rating. The clients are extremely happy with our support we are also providing small code fixes for free &amp; in-house paid custom coding. " simple_version="1"][mpc_vc_icon_column icon="fa-external-link" color="#f79468" title="Learn More" text="This is not the place to describe all of the Blaszoks features but if you want to digg into more details view the more complete features list on our default preview page." simple_version="1"][/vc_column_inner][/vc_row_inner][/vc_column][/vc_row][vc_row overlay_color_opacity="100" overlay_pattern_opacity="100" full_width="1" css=".vc_custom_1405975094689{margin-bottom: 0px !important;padding-top: 5em !important;padding-bottom: 7em !important;}" overlay_color="#f79468" font_color="#ffffff" toc_id="team"][vc_column width="1/1"][vc_column_text css=".vc_custom_1402650227816{padding-top: 5em !important;padding-bottom: 1em !important;}"]
<h1 style="text-align: center; font-size: 48px;">People Behind Blaszok</h1>
[/vc_column_text][vc_separator color="grey" el_width="10" accent_color="#ffffff"][vc_row_inner css=".vc_custom_1402652945610{margin-top: 40px !important;}"][vc_column_inner width="1/1"][vc_column_text]
<p style="text-align: center;">Lorem ipsum dolor sit amet, consectetur adipiscing elit. Etiam quis leo at mauris faucibus suscipit. Sed orci arcu, tincidunt at commodo in, consectetur sed enim. Vestibulum aliquet justo rutrum magna tincidunt fringilla. In eget nisl in justo mattis accumsan eu nec magna. Pellentesque pellentesque pharetra lacus, eget aliquet mi mattis eu. Cum sociis natoque penatibus et magnis dis parturient montes, nascetur ridiculus mus.</p>
[/vc_column_text][/vc_column_inner][/vc_row_inner][vc_row_inner css=".vc_custom_1402570300768{padding-top: 1em !important;}"][vc_column_inner width="1/3"][vc_single_image image="2959" alignment="center" border_color="grey" img_link_target="_self" img_size="250x250"][vc_column_text css=".vc_custom_1402651364922{margin-bottom: 0px !important;}"]
<p style="text-align: center;"><strong>JOHN DOE</strong></p>
[/vc_column_text][vc_column_text]
<p style="text-align: center;"><em>CEO</em></p>
[/vc_column_text][vc_separator color="grey" el_width="10" accent_color="#ffffff"][vc_column_text css=".vc_custom_1402653143862{margin-top: 30px !important;}"]
<p style="text-align: center;">Mauris id sodales sapien. Sed non dui convallis, tempor enim id, iaculis magna. Cras scelerisque pretium orci, ac scelerisque orci convallis vitae. Lorem ipsum dolor sit amet, consectetur adipiscing elit. Lorem ipsum dolor sit amet, consectetur adipiscing elit. Fusce lacus ante, eleifend eu sem non, porta scelerisque orci. Curabitur molestie ullamcorper nisi, quis malesuada metus consectetur.</p>
[/vc_column_text][mpc_vc_share_list facebook="1" twitter="1" pinterest="1"][/vc_column_inner][vc_column_inner width="1/3"][vc_single_image image="2959" alignment="center" border_color="grey" img_link_target="_self" img_size="250x250"][vc_column_text css=".vc_custom_1402653087290{margin-bottom: 0px !important;}"]
<p style="text-align: center;"><strong>ELTON SMITH</strong></p>
[/vc_column_text][vc_column_text]
<p style="text-align: center;"><em>Developer</em></p>
[/vc_column_text][vc_separator color="grey" el_width="10" accent_color="#ffffff"][vc_column_text css=".vc_custom_1402653832865{margin-top: 30px !important;}"]
<p style="text-align: center;">Curabitur molestie ullamcorper nisi, quis malesuada metus consectetur. Mauris id sodales sapien. Sed non dui convallis, tempor enim id, iaculis magna. Cras scelerisque pretium orci, ac scelerisque orci convallis vitae. Lorem ipsum dolor sit amet, consectetur adipiscing elit. Lorem ipsum dolor sit amet, consectetur adipiscing elit. Fusce lacus ante, eleifend eu sem non.</p>
[/vc_column_text][mpc_vc_share_list facebook="1" twitter="1" pinterest="1"][/vc_column_inner][vc_column_inner width="1/3"][vc_single_image image="2959" alignment="center" border_color="grey" img_link_target="_self" img_size="250x250"][vc_column_text css=".vc_custom_1402653224850{margin-bottom: 0px !important;}"]
<p style="text-align: center;"><strong>SAMANTHA JOHNES</strong></p>
[/vc_column_text][vc_column_text]
<p style="text-align: center;"><em>Support</em></p>
[/vc_column_text][vc_separator color="grey" el_width="10" accent_color="#ffffff"][vc_column_text css=".vc_custom_1402653855884{margin-top: 30px !important;}"]
<p style="text-align: center;">Lorem ipsum dolor sit amet, consectetur adipiscing elit. Fusce lacus ante, eleifend eu sem non, porta scelerisque orci. Curabitur molestie ullamcorper nisi, quis malesuada metus consectetur. Mauris id sodales sapien. Sed non dui convallis, tempor enim id, iaculis magna. Cras scelerisque pretium orci, ac scelerisque orci convallis vitae. Lorem ipsum dolor sit amet.</p>
[/vc_column_text][mpc_vc_share_list facebook="1" twitter="1" pinterest="1"][/vc_column_inner][/vc_row_inner][/vc_column][/vc_row][vc_row overlay_color_opacity="50" overlay_pattern_opacity="50" css=".vc_custom_1405976827791{margin-top: 0px !important;margin-bottom: 0px !important;padding-top: 7em !important;padding-bottom: 13em !important;background-image: url(http://demo_one_page.dev/wp-content/uploads/2014/02/placeholder.jpg?id=2959) !important;background-position: center !important;background-repeat: no-repeat !important;background-size: cover !important;}" full_width="1" bg_image_fb="2959" bg_image_repeat_fb="cover" toc_id="optimized" parallax="1"][vc_column width="1/2"][/vc_column][vc_column width="1/2"][vc_column_text css=".vc_custom_1402906871693{padding-top: 5em !important;padding-bottom: 1em !important;}"]
<h1 style="font-size: 48px; text-align: left;">Optimized For Mobile</h1>
[/vc_column_text][vc_separator color="grey" el_width="10" accent_color="#dddddd"][vc_column_text css=".vc_custom_1402907400549{padding-top: 2em !important;}"]<span style="color: #000000;">Quisque in ante sed neque cursus lobortis. Sed orci erat, porta id consequat sed, gravida in diam. Maecenas a imperdiet augue. Praesent dapibus euismod diam nec faucibus. </span>[/vc_column_text][vc_row_inner css=".vc_custom_1402907850500{padding-top: 2em !important;}"][vc_column_inner width="1/2"][mpc_vc_icon_list icon_color="#f79468" text_color="#666666" icon_list="%5B%7B%22icon%22%3A%22fa%20fa-fw%20fa-heart%22%2C%22text%22%3A%22Interdum%20metus%20bibendum%20non.%22%7D%2C%7B%22icon%22%3A%22fa%20fa-fw%20fa-cube%22%2C%22text%22%3A%22Maecenas%20malesuada%20neque.%22%7D%5D"][/vc_column_inner][vc_column_inner width="1/2"][mpc_vc_icon_list icon_color="#f79468" text_color="#666666" icon_list="%5B%7B%22icon%22%3A%22fa%20fa-fw%20fa-heart%22%2C%22text%22%3A%22Interdum%20metus%20bibendum%20non.%22%7D%2C%7B%22icon%22%3A%22fa%20fa-fw%20fa-cube%22%2C%22text%22%3A%22Maecenas%20malesuada%20neque.%22%7D%5D"][/vc_column_inner][/vc_row_inner][vc_column_text]Aliquam tincidunt vitae lorem vitae volutpat. Vivamus semper, purus vitae venenatis ultricies, eros urna luctus felis, at mollis sapien magna sed nisi. Maecenas malesuada neque ante, adipiscing fermentum tortor mollis et. Aliquam feugiat mauris nunc, interdum bibendum metus bibendum non.[/vc_column_text][vc_row_inner el_class="mpc-m-c"][vc_column_inner width="1/1"][vc_button2 title="See For Yourself" style="rounded" color="sandy_brown" size="md"][/vc_column_inner][/vc_row_inner][/vc_column][/vc_row][vc_row overlay_color_opacity="35" overlay_pattern_opacity="50" full_width="1" css=".vc_custom_1405976598035{margin-top: 0px !important;margin-bottom: 0px !important;padding-top: 10em !important;padding-bottom: 13em !important;background-image: url(http://demo_one_page.dev/wp-content/uploads/2014/02/placeholder.jpg?id=2959) !important;background-position: center !important;background-repeat: no-repeat !important;background-size: cover !important;}" overlay_color="#000000" font_color="#ffffff" parallax="1" bg_image_repeat_fb="cover" bg_image_fb="2959" toc_id="testimonials"][vc_column width="1/1"][vc_column_text css=".vc_custom_1405976499763{padding-top: 5em !important;padding-bottom: 1em !important;}"]
<h1 style="text-align: center; font-size: 48px;">Some Say</h1>
[/vc_column_text][vc_separator color="grey" el_width="10" accent_color="#ffffff"][vc_row_inner css=".vc_custom_1402652945610{margin-top: 40px !important;}"][vc_column_inner width="1/1"][mpc_vc_testimonials_slider][{"author":"airmichael, ThemeForest.net","text":" This is definitely the best theme I have ever saw and worked with! Tons of features allows you to create anything you want in a matter of minutes, everything works smooth and if not, then support is just amazing! Those guys are patient and have a deep understanding of every problem (almost all of which were on my side). Moreover they reply very fast. My rating is 5+++"},{"author":"shrini, ThemeForest.net","text":"Everyone can sell the product in themeforest but no one can support as MPC till now. Everyone can bring creative theme but only MPC bought creative support service Mindblowing service, support &amp; product MPC found the pulse of the customers….......Expecting fabulous growth in your business soon You are the Titans in Themeforest"},{"author":"jaylag, ThemeForest.net","text":"Just a quick comment to congrat the team for the theme : ) I bought Blaszok yesterday and can’t get enought of it! It has infinite possibilities of customizations, and I’m just at the beginning of it! MPC is blazzing fast to respond to any qury and damn productive (5 updates with new features in less than 3 weeks is awesome) Congrats and keep up the good work! "}][/mpc_vc_testimonials_slider][/vc_column_inner][/vc_row_inner][/vc_column][/vc_row][vc_row overlay_color_opacity="0" overlay_pattern_opacity="50" full_width="1" css=".vc_custom_1405976812987{margin-top: 0px !important;margin-bottom: -30px !important;padding-top: 6em !important;padding-bottom: 35em !important;background-image: url(http://demo_one_page.dev/wp-content/uploads/2014/02/placeholder.jpg?id=2959) !important;background-position: center !important;background-repeat: no-repeat !important;background-size: contain !important;}" overlay_color="#000000" font_color="#444444" bg_image_repeat_fb="cover" bg_image_fb="2959" toc_id="Listen"][vc_column width="1/1"][vc_column_text css=".vc_custom_1402913091341{padding-top: 5em !important;padding-bottom: 1em !important;}"]
<h1 style="text-align: center; font-size: 48px;">You don't believe 1,500+ people?</h1>
[/vc_column_text][vc_separator color="grey" el_width="10" accent_color="#dddddd"][vc_row_inner css=".vc_custom_1403680937004{padding-top: 2em !important;}" el_class="mpc-buttons"][vc_column_inner width="1/2" el_class="mpc-align-right"][vc_button2 title="View Features" style="outlined" color="black" size="md" el_class="mpc-align-left"][/vc_column_inner][vc_column_inner width="1/2" el_class="mpc-align-left"][vc_button2 title="Buy It Now" style="rounded" color="sandy_brown" size="md" el_class="mpc-align-right"][/vc_column_inner][/vc_row_inner][/vc_column][/vc_row]]]></content:encoded>
		<excerpt:encoded><![CDATA[]]></excerpt:encoded>
		<wp:post_id>3154</wp:post_id>
		<wp:post_date>2014-02-19 10:20:19</wp:post_date>
		<wp:post_date_gmt>2014-02-19 10:20:19</wp:post_date_gmt>
		<wp:comment_status>closed</wp:comment_status>
		<wp:ping_status>closed</wp:ping_status>
		<wp:post_name>home</wp:post_name>
		<wp:status>publish</wp:status>
		<wp:post_parent>0</wp:post_parent>
		<wp:menu_order>0</wp:menu_order>
		<wp:post_type>page</wp:post_type>
		<wp:post_password></wp:post_password>
		<wp:is_sticky>0</wp:is_sticky>
		<wp:postmeta>
			<wp:meta_key>_mpc_force_background_color_sticky</wp:meta_key>
			<wp:meta_value><![CDATA[field_537deaa576fff]]></wp:meta_value>
		</wp:postmeta>
		<wp:postmeta>
			<wp:meta_key>mpc_force_background_color_sticky</wp:meta_key>
			<wp:meta_value><![CDATA[#333333]]></wp:meta_value>
		</wp:postmeta>
		<wp:postmeta>
			<wp:meta_key>_mpc_force_font_color_sticky</wp:meta_key>
			<wp:meta_value><![CDATA[field_537dea8776ffe]]></wp:meta_value>
		</wp:postmeta>
		<wp:postmeta>
			<wp:meta_key>mpc_force_font_color_sticky</wp:meta_key>
			<wp:meta_value><![CDATA[ffffff]]></wp:meta_value>
		</wp:postmeta>
		<wp:postmeta>
			<wp:meta_key>_mpc_background_opacity</wp:meta_key>
			<wp:meta_value><![CDATA[field_537dcee0ae184]]></wp:meta_value>
		</wp:postmeta>
		<wp:postmeta>
			<wp:meta_key>mpc_background_opacity</wp:meta_key>
			<wp:meta_value><![CDATA[0]]></wp:meta_value>
		</wp:postmeta>
		<wp:postmeta>
			<wp:meta_key>_mpc_force_background_color</wp:meta_key>
			<wp:meta_value><![CDATA[field_537ddd94ed290]]></wp:meta_value>
		</wp:postmeta>
		<wp:postmeta>
			<wp:meta_key>_mpc_force_font_color</wp:meta_key>
			<wp:meta_value><![CDATA[field_537dd78871134]]></wp:meta_value>
		</wp:postmeta>
		<wp:postmeta>
			<wp:meta_key>mpc_force_background_color</wp:meta_key>
			<wp:meta_value><![CDATA[#ffffff]]></wp:meta_value>
		</wp:postmeta>
		<wp:postmeta>
			<wp:meta_key>mpc_force_font_color</wp:meta_key>
			<wp:meta_value><![CDATA[#ffffff]]></wp:meta_value>
		</wp:postmeta>
		<wp:postmeta>
			<wp:meta_key>_mpc_vertical_center_elements</wp:meta_key>
			<wp:meta_value><![CDATA[field_537f3578e61ae]]></wp:meta_value>
		</wp:postmeta>
		<wp:postmeta>
			<wp:meta_key>mpc_vertical_center_elements</wp:meta_key>
			<wp:meta_value><![CDATA[1]]></wp:meta_value>
		</wp:postmeta>
		<wp:postmeta>
			<wp:meta_key>_mpc_force_simple_buttons</wp:meta_key>
			<wp:meta_value><![CDATA[field_537dd1c5beb38]]></wp:meta_value>
		</wp:postmeta>
		<wp:postmeta>
			<wp:meta_key>mpc_force_simple_buttons</wp:meta_key>
			<wp:meta_value><![CDATA[1]]></wp:meta_value>
		</wp:postmeta>
		<wp:postmeta>
			<wp:meta_key>_wp_page_template</wp:meta_key>
			<wp:meta_value><![CDATA[template-fullwidth.php]]></wp:meta_value>
		</wp:postmeta>
		<wp:postmeta>
			<wp:meta_key>_mpc_enable_transparent_header</wp:meta_key>
			<wp:meta_value><![CDATA[field_537dce9aae183]]></wp:meta_value>
		</wp:postmeta>
		<wp:postmeta>
			<wp:meta_key>mpc_enable_transparent_header</wp:meta_key>
			<wp:meta_value><![CDATA[1]]></wp:meta_value>
		</wp:postmeta>
		<wp:postmeta>
			<wp:meta_key>_mpc_force_header_full_width</wp:meta_key>
			<wp:meta_value><![CDATA[field_537ca47225154]]></wp:meta_value>
		</wp:postmeta>
		<wp:postmeta>
			<wp:meta_key>mpc_force_header_full_width</wp:meta_key>
			<wp:meta_value><![CDATA[0]]></wp:meta_value>
		</wp:postmeta>
		<wp:postmeta>
			<wp:meta_key>_mpc_header_content</wp:meta_key>
			<wp:meta_value><![CDATA[field_52ef41f52a926]]></wp:meta_value>
		</wp:postmeta>
		<wp:postmeta>
			<wp:meta_key>mpc_header_content</wp:meta_key>
			<wp:meta_value><![CDATA[[rev_slider one_page-demo_slider]]]></wp:meta_value>
		</wp:postmeta>
		<wp:postmeta>
			<wp:meta_key>_mpc_custom_sidebar_position</wp:meta_key>
			<wp:meta_value><![CDATA[field_526129a80e850]]></wp:meta_value>
		</wp:postmeta>
		<wp:postmeta>
			<wp:meta_key>mpc_custom_sidebar_position</wp:meta_key>
			<wp:meta_value><![CDATA[0]]></wp:meta_value>
		</wp:postmeta>
		<wp:postmeta>
			<wp:meta_key>_mpc_hide_title</wp:meta_key>
			<wp:meta_value><![CDATA[field_53045ff3dc44b]]></wp:meta_value>
		</wp:postmeta>
		<wp:postmeta>
			<wp:meta_key>mpc_hide_title</wp:meta_key>
			<wp:meta_value><![CDATA[1]]></wp:meta_value>
		</wp:postmeta>
		<wp:postmeta>
			<wp:meta_key>mpc_hide_copyright</wp:meta_key>
			<wp:meta_value><![CDATA[1]]></wp:meta_value>
		</wp:postmeta>
		<wp:postmeta>
			<wp:meta_key>_mpc_hide_copyright</wp:meta_key>
			<wp:meta_value><![CDATA[field_537b08e994429]]></wp:meta_value>
		</wp:postmeta>
		<wp:postmeta>
			<wp:meta_key>_mpc_hide_footer</wp:meta_key>
			<wp:meta_value><![CDATA[field_537b08b894428]]></wp:meta_value>
		</wp:postmeta>
		<wp:postmeta>
			<wp:meta_key>mpc_hide_footer</wp:meta_key>
			<wp:meta_value><![CDATA[1]]></wp:meta_value>
		</wp:postmeta>
		<wp:postmeta>
			<wp:meta_key>_mpc_hide_extended_footer</wp:meta_key>
			<wp:meta_value><![CDATA[field_5315b1e623106]]></wp:meta_value>
		</wp:postmeta>
		<wp:postmeta>
			<wp:meta_key>mpc_hide_extended_footer</wp:meta_key>
			<wp:meta_value><![CDATA[1]]></wp:meta_value>
		</wp:postmeta>
		<wp:postmeta>
			<wp:meta_key>vc_teaser</wp:meta_key>
			<wp:meta_value><![CDATA[a:2:{s:4:"data";s:115:"[{"name":"title","link":"post"},{"name":"image","image":"featured","link":"none"},{"name":"text","mode":"excerpt"}]";s:7:"bgcolor";s:0:"";}]]></wp:meta_value>
		</wp:postmeta>
		<wp:postmeta>
			<wp:meta_key>_s2mail</wp:meta_key>
			<wp:meta_value><![CDATA[yes]]></wp:meta_value>
		</wp:postmeta>
		<wp:postmeta>
			<wp:meta_key>slide_template</wp:meta_key>
			<wp:meta_value><![CDATA[default]]></wp:meta_value>
		</wp:postmeta>
		<wp:postmeta>
			<wp:meta_key>_wpb_vc_js_interface_version</wp:meta_key>
			<wp:meta_value><![CDATA[2]]></wp:meta_value>
		</wp:postmeta>
		<wp:postmeta>
			<wp:meta_key>_edit_last</wp:meta_key>
			<wp:meta_value><![CDATA[7]]></wp:meta_value>
		</wp:postmeta>
		<wp:postmeta>
			<wp:meta_key>_wpb_shortcodes_custom_css</wp:meta_key>
			<wp:meta_value><![CDATA[.vc_custom_1405976880769{padding-top: 2em !important;padding-bottom: 32em !important;background-image: url(http://demo_one_page.dev/wp-content/uploads/2014/02/placeholder.jpg?id=2959) !important;background-position: center !important;background-repeat: no-repeat !important;background-size: contain !important;}.vc_custom_1402654288490{margin-top: -15px !important;padding-top: 4em !important;padding-bottom: 0.75em !important;background-color: #e88b61 !important;}.vc_custom_1402920666482{padding-top: 2em !important;padding-bottom: 5em !important;}.vc_custom_1405975094689{margin-bottom: 0px !important;padding-top: 5em !important;padding-bottom: 7em !important;}.vc_custom_1405976827791{margin-top: 0px !important;margin-bottom: 0px !important;padding-top: 7em !important;padding-bottom: 13em !important;background-image: url(http://demo_one_page.dev/wp-content/uploads/2014/02/placeholder.jpg?id=2959) !important;background-position: center !important;background-repeat: no-repeat !important;background-size: cover !important;}.vc_custom_1405976598035{margin-top: 0px !important;margin-bottom: 0px !important;padding-top: 10em !important;padding-bottom: 13em !important;background-image: url(http://demo_one_page.dev/wp-content/uploads/2014/02/placeholder.jpg?id=2959) !important;background-position: center !important;background-repeat: no-repeat !important;background-size: cover !important;}.vc_custom_1405976812987{margin-top: 0px !important;margin-bottom: -30px !important;padding-top: 6em !important;padding-bottom: 35em !important;background-image: url(http://demo_one_page.dev/wp-content/uploads/2014/02/placeholder.jpg?id=2959) !important;background-position: center !important;background-repeat: no-repeat !important;background-size: contain !important;}.vc_custom_1402490983444{padding-top: 5em !important;padding-bottom: 1em !important;}.vc_custom_1402491102745{padding-top: 2em !important;padding-right: 10em !important;padding-left: 10em !important;}.vc_custom_1405975809527{padding-top: 2em !important;}.vc_custom_1403682422100{margin-top: 3px !important;}.vc_custom_1402567757936{padding-top: 5em !important;padding-bottom: 1em !important;}.vc_custom_1403074279822{padding-top: 3em !important;}.vc_custom_1402650227816{padding-top: 5em !important;padding-bottom: 1em !important;}.vc_custom_1402652945610{margin-top: 40px !important;}.vc_custom_1402570300768{padding-top: 1em !important;}.vc_custom_1402651364922{margin-bottom: 0px !important;}.vc_custom_1402653143862{margin-top: 30px !important;}.vc_custom_1402653087290{margin-bottom: 0px !important;}.vc_custom_1402653832865{margin-top: 30px !important;}.vc_custom_1402653224850{margin-bottom: 0px !important;}.vc_custom_1402653855884{margin-top: 30px !important;}.vc_custom_1402906871693{padding-top: 5em !important;padding-bottom: 1em !important;}.vc_custom_1402907400549{padding-top: 2em !important;}.vc_custom_1402907850500{padding-top: 2em !important;}.vc_custom_1405976499763{padding-top: 5em !important;padding-bottom: 1em !important;}.vc_custom_1402652945610{margin-top: 40px !important;}.vc_custom_1402913091341{padding-top: 5em !important;padding-bottom: 1em !important;}.vc_custom_1403680937004{padding-top: 2em !important;}]]></wp:meta_value>
		</wp:postmeta>
		<wp:postmeta>
			<wp:meta_key>_wpb_vc_js_status</wp:meta_key>
			<wp:meta_value><![CDATA[true]]></wp:meta_value>
		</wp:postmeta>
	</item>
	<item>
				<title>placeholder</title>
		<link>http://demo_one_page.dev/?attachment_id=2959</link>
		<pubDate>Tue, 08 Jul 2014 11:49:27 +0000</pubDate>
		<dc:creator><![CDATA[root]]></dc:creator>
		<guid isPermaLink="false">http://blaszok.mpcthemes.com/demo/placeholder.jpg</guid>
		<description></description>
		<content:encoded><![CDATA[]]></content:encoded>
		<excerpt:encoded><![CDATA[]]></excerpt:encoded>
		<wp:post_id>2959</wp:post_id>
		<wp:post_date>2014-07-08 11:49:27</wp:post_date>
		<wp:post_date_gmt>2014-07-08 11:49:27</wp:post_date_gmt>
		<wp:comment_status>open</wp:comment_status>
		<wp:ping_status>open</wp:ping_status>
		<wp:post_name>placeholder</wp:post_name>
		<wp:status>inherit</wp:status>
		<wp:post_parent>0</wp:post_parent>
		<wp:menu_order>0</wp:menu_order>
		<wp:post_type>attachment</wp:post_type>
		<wp:post_password></wp:post_password>
		<wp:is_sticky>0</wp:is_sticky>
		<wp:attachment_url>http://blaszok.mpcthemes.com/demo/placeholder.jpg</wp:attachment_url>
		<wp:postmeta>
			<wp:meta_key>_wp_attached_file</wp:meta_key>
			<wp:meta_value><![CDATA[2014/02/placeholder.jpg]]></wp:meta_value>
		</wp:postmeta>
		<wp:postmeta>
			<wp:meta_key>_edit_last</wp:meta_key>
			<wp:meta_value><![CDATA[7]]></wp:meta_value>
		</wp:postmeta>
		<wp:postmeta>
			<wp:meta_key>_wp_attachment_metadata</wp:meta_key>
			<wp:meta_value><![CDATA[a:5:{s:5:"width";i:1920;s:6:"height";i:1080;s:4:"file";s:23:"2014/02/placeholder.jpg";s:5:"sizes";a:14:{s:9:"thumbnail";a:4:{s:4:"file";s:23:"placeholder-150x150.jpg";s:5:"width";i:150;s:6:"height";i:150;s:9:"mime-type";s:10:"image/jpeg";}s:6:"medium";a:4:{s:4:"file";s:23:"placeholder-300x168.jpg";s:5:"width";i:300;s:6:"height";i:168;s:9:"mime-type";s:10:"image/jpeg";}s:5:"large";a:4:{s:4:"file";s:24:"placeholder-1024x576.jpg";s:5:"width";i:1024;s:6:"height";i:576;s:9:"mime-type";s:10:"image/jpeg";}s:14:"shop_thumbnail";a:4:{s:4:"file";s:23:"placeholder-100x100.jpg";s:5:"width";i:100;s:6:"height";i:100;s:9:"mime-type";s:10:"image/jpeg";}s:12:"shop_catalog";a:4:{s:4:"file";s:23:"placeholder-300x400.jpg";s:5:"width";i:300;s:6:"height";i:400;s:9:"mime-type";s:10:"image/jpeg";}s:11:"shop_single";a:4:{s:4:"file";s:23:"placeholder-600x800.jpg";s:5:"width";i:600;s:6:"height";i:800;s:9:"mime-type";s:10:"image/jpeg";}s:26:"mpcth-horizontal-columns-1";a:4:{s:4:"file";s:24:"placeholder-1200x900.jpg";s:5:"width";i:1200;s:6:"height";i:900;s:9:"mime-type";s:10:"image/jpeg";}s:26:"mpcth-horizontal-columns-2";a:4:{s:4:"file";s:23:"placeholder-600x450.jpg";s:5:"width";i:600;s:6:"height";i:450;s:9:"mime-type";s:10:"image/jpeg";}s:26:"mpcth-horizontal-columns-3";a:4:{s:4:"file";s:23:"placeholder-400x300.jpg";s:5:"width";i:400;s:6:"height";i:300;s:9:"mime-type";s:10:"image/jpeg";}s:26:"mpcth-horizontal-columns-4";a:4:{s:4:"file";s:23:"placeholder-300x225.jpg";s:5:"width";i:300;s:6:"height";i:225;s:9:"mime-type";s:10:"image/jpeg";}s:24:"mpcth-vertical-columns-1";a:4:{s:4:"file";s:25:"placeholder-1200x1080.jpg";s:5:"width";i:1200;s:6:"height";i:1080;s:9:"mime-type";s:10:"image/jpeg";}s:24:"mpcth-vertical-columns-2";a:4:{s:4:"file";s:23:"placeholder-600x800.jpg";s:5:"width";i:600;s:6:"height";i:800;s:9:"mime-type";s:10:"image/jpeg";}s:24:"mpcth-vertical-columns-3";a:4:{s:4:"file";s:23:"placeholder-400x533.jpg";s:5:"width";i:400;s:6:"height";i:533;s:9:"mime-type";s:10:"image/jpeg";}s:24:"mpcth-vertical-columns-4";a:4:{s:4:"file";s:23:"placeholder-300x400.jpg";s:5:"width";i:300;s:6:"height";i:400;s:9:"mime-type";s:10:"image/jpeg";}}s:10:"image_meta";a:10:{s:8:"aperture";i:0;s:6:"credit";s:0:"";s:6:"camera";s:0:"";s:7:"caption";s:0:"";s:17:"created_timestamp";i:0;s:9:"copyright";s:0:"";s:12:"focal_length";i:0;s:3:"iso";i:0;s:13:"shutter_speed";i:0;s:5:"title";s:0:"";}}]]></wp:meta_value>
		</wp:postmeta>
	</item>
	<item>
				<title>slide_1</title>
		<link>http://demo_one_page.dev/?attachment_id=2960</link>
		<pubDate>Tue, 08 Jul 2014 11:50:52 +0000</pubDate>
		<dc:creator><![CDATA[root]]></dc:creator>
		<guid isPermaLink="false">http://blaszok.mpcthemes.com/demo/slide_1.jpg</guid>
		<description></description>
		<content:encoded><![CDATA[]]></content:encoded>
		<excerpt:encoded><![CDATA[]]></excerpt:encoded>
		<wp:post_id>2960</wp:post_id>
		<wp:post_date>2014-07-08 11:50:52</wp:post_date>
		<wp:post_date_gmt>2014-07-08 11:50:52</wp:post_date_gmt>
		<wp:comment_status>open</wp:comment_status>
		<wp:ping_status>open</wp:ping_status>
		<wp:post_name>slide_1</wp:post_name>
		<wp:status>inherit</wp:status>
		<wp:post_parent>0</wp:post_parent>
		<wp:menu_order>0</wp:menu_order>
		<wp:post_type>attachment</wp:post_type>
		<wp:post_password></wp:post_password>
		<wp:is_sticky>0</wp:is_sticky>
		<wp:attachment_url>http://blaszok.mpcthemes.com/demo/slide_1.jpg</wp:attachment_url>
		<wp:postmeta>
			<wp:meta_key>_edit_last</wp:meta_key>
			<wp:meta_value><![CDATA[7]]></wp:meta_value>
		</wp:postmeta>
		<wp:postmeta>
			<wp:meta_key>_wp_attached_file</wp:meta_key>
			<wp:meta_value><![CDATA[2014/02/slide_1.jpg]]></wp:meta_value>
		</wp:postmeta>
		<wp:postmeta>
			<wp:meta_key>_wp_attachment_metadata</wp:meta_key>
			<wp:meta_value><![CDATA[a:5:{s:5:"width";i:1920;s:6:"height";i:1080;s:4:"file";s:19:"2014/02/slide_1.jpg";s:5:"sizes";a:14:{s:9:"thumbnail";a:4:{s:4:"file";s:19:"slide_1-150x150.jpg";s:5:"width";i:150;s:6:"height";i:150;s:9:"mime-type";s:10:"image/jpeg";}s:6:"medium";a:4:{s:4:"file";s:19:"slide_1-300x168.jpg";s:5:"width";i:300;s:6:"height";i:168;s:9:"mime-type";s:10:"image/jpeg";}s:5:"large";a:4:{s:4:"file";s:20:"slide_1-1024x576.jpg";s:5:"width";i:1024;s:6:"height";i:576;s:9:"mime-type";s:10:"image/jpeg";}s:14:"shop_thumbnail";a:4:{s:4:"file";s:19:"slide_1-100x100.jpg";s:5:"width";i:100;s:6:"height";i:100;s:9:"mime-type";s:10:"image/jpeg";}s:12:"shop_catalog";a:4:{s:4:"file";s:19:"slide_1-300x400.jpg";s:5:"width";i:300;s:6:"height";i:400;s:9:"mime-type";s:10:"image/jpeg";}s:11:"shop_single";a:4:{s:4:"file";s:19:"slide_1-600x800.jpg";s:5:"width";i:600;s:6:"height";i:800;s:9:"mime-type";s:10:"image/jpeg";}s:26:"mpcth-horizontal-columns-1";a:4:{s:4:"file";s:20:"slide_1-1200x900.jpg";s:5:"width";i:1200;s:6:"height";i:900;s:9:"mime-type";s:10:"image/jpeg";}s:26:"mpcth-horizontal-columns-2";a:4:{s:4:"file";s:19:"slide_1-600x450.jpg";s:5:"width";i:600;s:6:"height";i:450;s:9:"mime-type";s:10:"image/jpeg";}s:26:"mpcth-horizontal-columns-3";a:4:{s:4:"file";s:19:"slide_1-400x300.jpg";s:5:"width";i:400;s:6:"height";i:300;s:9:"mime-type";s:10:"image/jpeg";}s:26:"mpcth-horizontal-columns-4";a:4:{s:4:"file";s:19:"slide_1-300x225.jpg";s:5:"width";i:300;s:6:"height";i:225;s:9:"mime-type";s:10:"image/jpeg";}s:24:"mpcth-vertical-columns-1";a:4:{s:4:"file";s:21:"slide_1-1200x1080.jpg";s:5:"width";i:1200;s:6:"height";i:1080;s:9:"mime-type";s:10:"image/jpeg";}s:24:"mpcth-vertical-columns-2";a:4:{s:4:"file";s:19:"slide_1-600x800.jpg";s:5:"width";i:600;s:6:"height";i:800;s:9:"mime-type";s:10:"image/jpeg";}s:24:"mpcth-vertical-columns-3";a:4:{s:4:"file";s:19:"slide_1-400x533.jpg";s:5:"width";i:400;s:6:"height";i:533;s:9:"mime-type";s:10:"image/jpeg";}s:24:"mpcth-vertical-columns-4";a:4:{s:4:"file";s:19:"slide_1-300x400.jpg";s:5:"width";i:300;s:6:"height";i:400;s:9:"mime-type";s:10:"image/jpeg";}}s:10:"image_meta";a:10:{s:8:"aperture";i:0;s:6:"credit";s:0:"";s:6:"camera";s:0:"";s:7:"caption";s:0:"";s:17:"created_timestamp";i:0;s:9:"copyright";s:0:"";s:12:"focal_length";i:0;s:3:"iso";i:0;s:13:"shutter_speed";i:0;s:5:"title";s:0:"";}}]]></wp:meta_value>
		</wp:postmeta>
	</item>
	<item>
				<title>slide_3</title>
		<link>http://demo_one_page.dev/?attachment_id=2962</link>
		<pubDate>Tue, 08 Jul 2014 11:51:00 +0000</pubDate>
		<dc:creator><![CDATA[root]]></dc:creator>
		<guid isPermaLink="false">http://blaszok.mpcthemes.com/demo/slide_3.jpg</guid>
		<description></description>
		<content:encoded><![CDATA[]]></content:encoded>
		<excerpt:encoded><![CDATA[]]></excerpt:encoded>
		<wp:post_id>2962</wp:post_id>
		<wp:post_date>2014-07-08 11:51:00</wp:post_date>
		<wp:post_date_gmt>2014-07-08 11:51:00</wp:post_date_gmt>
		<wp:comment_status>open</wp:comment_status>
		<wp:ping_status>open</wp:ping_status>
		<wp:post_name>slide_3</wp:post_name>
		<wp:status>inherit</wp:status>
		<wp:post_parent>0</wp:post_parent>
		<wp:menu_order>0</wp:menu_order>
		<wp:post_type>attachment</wp:post_type>
		<wp:post_password></wp:post_password>
		<wp:is_sticky>0</wp:is_sticky>
		<wp:attachment_url>http://blaszok.mpcthemes.com/demo/slide_3.jpg</wp:attachment_url>
		<wp:postmeta>
			<wp:meta_key>_edit_last</wp:meta_key>
			<wp:meta_value><![CDATA[7]]></wp:meta_value>
		</wp:postmeta>
		<wp:postmeta>
			<wp:meta_key>_wp_attached_file</wp:meta_key>
			<wp:meta_value><![CDATA[2014/02/slide_3.jpg]]></wp:meta_value>
		</wp:postmeta>
		<wp:postmeta>
			<wp:meta_key>_wp_attachment_metadata</wp:meta_key>
			<wp:meta_value><![CDATA[a:5:{s:5:"width";i:1920;s:6:"height";i:1080;s:4:"file";s:19:"2014/02/slide_3.jpg";s:5:"sizes";a:14:{s:9:"thumbnail";a:4:{s:4:"file";s:19:"slide_3-150x150.jpg";s:5:"width";i:150;s:6:"height";i:150;s:9:"mime-type";s:10:"image/jpeg";}s:6:"medium";a:4:{s:4:"file";s:19:"slide_3-300x168.jpg";s:5:"width";i:300;s:6:"height";i:168;s:9:"mime-type";s:10:"image/jpeg";}s:5:"large";a:4:{s:4:"file";s:20:"slide_3-1024x576.jpg";s:5:"width";i:1024;s:6:"height";i:576;s:9:"mime-type";s:10:"image/jpeg";}s:14:"shop_thumbnail";a:4:{s:4:"file";s:19:"slide_3-100x100.jpg";s:5:"width";i:100;s:6:"height";i:100;s:9:"mime-type";s:10:"image/jpeg";}s:12:"shop_catalog";a:4:{s:4:"file";s:19:"slide_3-300x400.jpg";s:5:"width";i:300;s:6:"height";i:400;s:9:"mime-type";s:10:"image/jpeg";}s:11:"shop_single";a:4:{s:4:"file";s:19:"slide_3-600x800.jpg";s:5:"width";i:600;s:6:"height";i:800;s:9:"mime-type";s:10:"image/jpeg";}s:26:"mpcth-horizontal-columns-1";a:4:{s:4:"file";s:20:"slide_3-1200x900.jpg";s:5:"width";i:1200;s:6:"height";i:900;s:9:"mime-type";s:10:"image/jpeg";}s:26:"mpcth-horizontal-columns-2";a:4:{s:4:"file";s:19:"slide_3-600x450.jpg";s:5:"width";i:600;s:6:"height";i:450;s:9:"mime-type";s:10:"image/jpeg";}s:26:"mpcth-horizontal-columns-3";a:4:{s:4:"file";s:19:"slide_3-400x300.jpg";s:5:"width";i:400;s:6:"height";i:300;s:9:"mime-type";s:10:"image/jpeg";}s:26:"mpcth-horizontal-columns-4";a:4:{s:4:"file";s:19:"slide_3-300x225.jpg";s:5:"width";i:300;s:6:"height";i:225;s:9:"mime-type";s:10:"image/jpeg";}s:24:"mpcth-vertical-columns-1";a:4:{s:4:"file";s:21:"slide_3-1200x1080.jpg";s:5:"width";i:1200;s:6:"height";i:1080;s:9:"mime-type";s:10:"image/jpeg";}s:24:"mpcth-vertical-columns-2";a:4:{s:4:"file";s:19:"slide_3-600x800.jpg";s:5:"width";i:600;s:6:"height";i:800;s:9:"mime-type";s:10:"image/jpeg";}s:24:"mpcth-vertical-columns-3";a:4:{s:4:"file";s:19:"slide_3-400x533.jpg";s:5:"width";i:400;s:6:"height";i:533;s:9:"mime-type";s:10:"image/jpeg";}s:24:"mpcth-vertical-columns-4";a:4:{s:4:"file";s:19:"slide_3-300x400.jpg";s:5:"width";i:300;s:6:"height";i:400;s:9:"mime-type";s:10:"image/jpeg";}}s:10:"image_meta";a:10:{s:8:"aperture";i:0;s:6:"credit";s:0:"";s:6:"camera";s:0:"";s:7:"caption";s:0:"";s:17:"created_timestamp";i:0;s:9:"copyright";s:0:"";s:12:"focal_length";i:0;s:3:"iso";i:0;s:13:"shutter_speed";i:0;s:5:"title";s:0:"";}}]]></wp:meta_value>
		</wp:postmeta>
	</item>
	<item>
				<title>Mpcth Fav Icon</title>
		<link>http://demo_one_page.dev/?post_type=mpcth_of&#038;p=37</link>
		<pubDate>Thu, 01 Jan 1970 00:00:00 +0000</pubDate>
		<dc:creator><![CDATA[root]]></dc:creator>
		<guid isPermaLink="false">http://demo_one_page.dev/?post_type=mpcth_of&#038;p=37</guid>
		<description></description>
		<content:encoded><![CDATA[]]></content:encoded>
		<excerpt:encoded><![CDATA[]]></excerpt:encoded>
		<wp:post_id>37</wp:post_id>
		<wp:post_date>2014-02-06 12:26:36</wp:post_date>
		<wp:post_date_gmt>0000-00-00 00:00:00</wp:post_date_gmt>
		<wp:comment_status>closed</wp:comment_status>
		<wp:ping_status>closed</wp:ping_status>
		<wp:post_name>mpcth-of-mpcth_fav_icon</wp:post_name>
		<wp:status>draft</wp:status>
		<wp:post_parent>0</wp:post_parent>
		<wp:menu_order>0</wp:menu_order>
		<wp:post_type>mpcth_of</wp:post_type>
		<wp:post_password></wp:post_password>
		<wp:is_sticky>0</wp:is_sticky>
	</item>
	<item>
				<title>Mpcth Logo</title>
		<link>http://demo_one_page.dev/?post_type=mpcth_of&#038;p=38</link>
		<pubDate>Thu, 01 Jan 1970 00:00:00 +0000</pubDate>
		<dc:creator><![CDATA[root]]></dc:creator>
		<guid isPermaLink="false">http://demo_one_page.dev/?post_type=mpcth_of&#038;p=38</guid>
		<description></description>
		<content:encoded><![CDATA[]]></content:encoded>
		<excerpt:encoded><![CDATA[]]></excerpt:encoded>
		<wp:post_id>38</wp:post_id>
		<wp:post_date>2014-02-06 12:26:36</wp:post_date>
		<wp:post_date_gmt>0000-00-00 00:00:00</wp:post_date_gmt>
		<wp:comment_status>closed</wp:comment_status>
		<wp:ping_status>closed</wp:ping_status>
		<wp:post_name>mpcth-of-mpcth_logo</wp:post_name>
		<wp:status>draft</wp:status>
		<wp:post_parent>0</wp:post_parent>
		<wp:menu_order>0</wp:menu_order>
		<wp:post_type>mpcth_of</wp:post_type>
		<wp:post_password></wp:post_password>
		<wp:is_sticky>0</wp:is_sticky>
	</item>
	<item>
				<title>Mpcth Logo 2x</title>
		<link>http://demo_one_page.dev/?post_type=mpcth_of&#038;p=39</link>
		<pubDate>Thu, 01 Jan 1970 00:00:00 +0000</pubDate>
		<dc:creator><![CDATA[root]]></dc:creator>
		<guid isPermaLink="false">http://demo_one_page.dev/?post_type=mpcth_of&#038;p=39</guid>
		<description></description>
		<content:encoded><![CDATA[]]></content:encoded>
		<excerpt:encoded><![CDATA[]]></excerpt:encoded>
		<wp:post_id>39</wp:post_id>
		<wp:post_date>2014-02-06 12:26:36</wp:post_date>
		<wp:post_date_gmt>0000-00-00 00:00:00</wp:post_date_gmt>
		<wp:comment_status>closed</wp:comment_status>
		<wp:ping_status>closed</wp:ping_status>
		<wp:post_name>mpcth-of-mpcth_logo_2x</wp:post_name>
		<wp:status>draft</wp:status>
		<wp:post_parent>0</wp:post_parent>
		<wp:menu_order>0</wp:menu_order>
		<wp:post_type>mpcth_of</wp:post_type>
		<wp:post_password></wp:post_password>
		<wp:is_sticky>0</wp:is_sticky>
	</item>
	<item>
				<title>Mpcth Logo Mobile</title>
		<link>http://demo_one_page.dev/?post_type=mpcth_of&#038;p=2955</link>
		<pubDate>Thu, 01 Jan 1970 00:00:00 +0000</pubDate>
		<dc:creator><![CDATA[]]></dc:creator>
		<guid isPermaLink="false">http://demo_one_page.dev/?post_type=mpcth_of&#038;p=2955</guid>
		<description></description>
		<content:encoded><![CDATA[]]></content:encoded>
		<excerpt:encoded><![CDATA[]]></excerpt:encoded>
		<wp:post_id>2955</wp:post_id>
		<wp:post_date>2014-05-28 09:10:19</wp:post_date>
		<wp:post_date_gmt>0000-00-00 00:00:00</wp:post_date_gmt>
		<wp:comment_status>closed</wp:comment_status>
		<wp:ping_status>closed</wp:ping_status>
		<wp:post_name>mpcth-of-mpcth_logo_mobile</wp:post_name>
		<wp:status>draft</wp:status>
		<wp:post_parent>0</wp:post_parent>
		<wp:menu_order>0</wp:menu_order>
		<wp:post_type>mpcth_of</wp:post_type>
		<wp:post_password></wp:post_password>
		<wp:is_sticky>0</wp:is_sticky>
	</item>
	<item>
				<title>Mpcth Logo Mobile 2x</title>
		<link>http://demo_one_page.dev/?post_type=mpcth_of&#038;p=2956</link>
		<pubDate>Thu, 01 Jan 1970 00:00:00 +0000</pubDate>
		<dc:creator><![CDATA[]]></dc:creator>
		<guid isPermaLink="false">http://demo_one_page.dev/?post_type=mpcth_of&#038;p=2956</guid>
		<description></description>
		<content:encoded><![CDATA[]]></content:encoded>
		<excerpt:encoded><![CDATA[]]></excerpt:encoded>
		<wp:post_id>2956</wp:post_id>
		<wp:post_date>2014-05-28 09:10:19</wp:post_date>
		<wp:post_date_gmt>0000-00-00 00:00:00</wp:post_date_gmt>
		<wp:comment_status>closed</wp:comment_status>
		<wp:ping_status>closed</wp:ping_status>
		<wp:post_name>mpcth-of-mpcth_logo_mobile_2x</wp:post_name>
		<wp:status>draft</wp:status>
		<wp:post_parent>0</wp:post_parent>
		<wp:menu_order>0</wp:menu_order>
		<wp:post_type>mpcth_of</wp:post_type>
		<wp:post_password></wp:post_password>
		<wp:is_sticky>0</wp:is_sticky>
	</item>
	<item>
				<title>Mpcth Logo Sticky</title>
		<link>http://demo_one_page.dev/?post_type=mpcth_of&#038;p=3030</link>
		<pubDate>Thu, 01 Jan 1970 00:00:00 +0000</pubDate>
		<dc:creator><![CDATA[root]]></dc:creator>
		<guid isPermaLink="false">http://demo_one_page.dev/?post_type=mpcth_of&#038;p=3030</guid>
		<description></description>
		<content:encoded><![CDATA[]]></content:encoded>
		<excerpt:encoded><![CDATA[]]></excerpt:encoded>
		<wp:post_id>3030</wp:post_id>
		<wp:post_date>2014-07-11 10:37:10</wp:post_date>
		<wp:post_date_gmt>0000-00-00 00:00:00</wp:post_date_gmt>
		<wp:comment_status>closed</wp:comment_status>
		<wp:ping_status>closed</wp:ping_status>
		<wp:post_name>mpcth-of-mpcth_logo_sticky</wp:post_name>
		<wp:status>draft</wp:status>
		<wp:post_parent>0</wp:post_parent>
		<wp:menu_order>0</wp:menu_order>
		<wp:post_type>mpcth_of</wp:post_type>
		<wp:post_password></wp:post_password>
		<wp:is_sticky>0</wp:is_sticky>
	</item>
	<item>
				<title>Mpcth Logo Sticky 2x</title>
		<link>http://demo_one_page.dev/?post_type=mpcth_of&#038;p=3031</link>
		<pubDate>Thu, 01 Jan 1970 00:00:00 +0000</pubDate>
		<dc:creator><![CDATA[root]]></dc:creator>
		<guid isPermaLink="false">http://demo_one_page.dev/?post_type=mpcth_of&#038;p=3031</guid>
		<description></description>
		<content:encoded><![CDATA[]]></content:encoded>
		<excerpt:encoded><![CDATA[]]></excerpt:encoded>
		<wp:post_id>3031</wp:post_id>
		<wp:post_date>2014-07-11 10:37:10</wp:post_date>
		<wp:post_date_gmt>0000-00-00 00:00:00</wp:post_date_gmt>
		<wp:comment_status>closed</wp:comment_status>
		<wp:ping_status>closed</wp:ping_status>
		<wp:post_name>mpcth-of-mpcth_logo_sticky_2x</wp:post_name>
		<wp:status>draft</wp:status>
		<wp:post_parent>0</wp:post_parent>
		<wp:menu_order>0</wp:menu_order>
		<wp:post_type>mpcth_of</wp:post_type>
		<wp:post_password></wp:post_password>
		<wp:is_sticky>0</wp:is_sticky>
	</item>
	<item>
				<title>Mpcth Bg Image</title>
		<link>http://demo_one_page.dev/?post_type=mpcth_of&#038;p=40</link>
		<pubDate>Thu, 01 Jan 1970 00:00:00 +0000</pubDate>
		<dc:creator><![CDATA[root]]></dc:creator>
		<guid isPermaLink="false">http://demo_one_page.dev/?post_type=mpcth_of&#038;p=40</guid>
		<description></description>
		<content:encoded><![CDATA[]]></content:encoded>
		<excerpt:encoded><![CDATA[]]></excerpt:encoded>
		<wp:post_id>40</wp:post_id>
		<wp:post_date>2014-02-06 12:26:36</wp:post_date>
		<wp:post_date_gmt>0000-00-00 00:00:00</wp:post_date_gmt>
		<wp:comment_status>closed</wp:comment_status>
		<wp:ping_status>closed</wp:ping_status>
		<wp:post_name>mpcth-of-mpcth_bg_image</wp:post_name>
		<wp:status>draft</wp:status>
		<wp:post_parent>0</wp:post_parent>
		<wp:menu_order>0</wp:menu_order>
		<wp:post_type>mpcth_of</wp:post_type>
		<wp:post_password></wp:post_password>
		<wp:is_sticky>0</wp:is_sticky>
	</item>
	<item>
				<title>Mpcth Size Quide</title>
		<link>http://demo_one_page.dev/?post_type=mpcth_of&#038;p=2916</link>
		<pubDate>Thu, 01 Jan 1970 00:00:00 +0000</pubDate>
		<dc:creator><![CDATA[]]></dc:creator>
		<guid isPermaLink="false">http://demo_one_page.dev/?post_type=mpcth_of&#038;p=2916</guid>
		<description></description>
		<content:encoded><![CDATA[]]></content:encoded>
		<excerpt:encoded><![CDATA[]]></excerpt:encoded>
		<wp:post_id>2916</wp:post_id>
		<wp:post_date>2014-04-18 08:52:24</wp:post_date>
		<wp:post_date_gmt>0000-00-00 00:00:00</wp:post_date_gmt>
		<wp:comment_status>closed</wp:comment_status>
		<wp:ping_status>closed</wp:ping_status>
		<wp:post_name>mpcth-of-mpcth_size_quide</wp:post_name>
		<wp:status>draft</wp:status>
		<wp:post_parent>0</wp:post_parent>
		<wp:menu_order>0</wp:menu_order>
		<wp:post_type>mpcth_of</wp:post_type>
		<wp:post_password></wp:post_password>
		<wp:is_sticky>0</wp:is_sticky>
	</item>
	<item>
				<title><![CDATA[Hello]]></title>
		<link>http://demo_one_page.dev/2014/07/21/home/</link>
		<pubDate>Mon, 21 Jul 2014 20:03:01 +0000</pubDate>
		<dc:creator><![CDATA[root]]></dc:creator>
		<guid isPermaLink="false">http://demo_one_page.dev/?p=3153</guid>
		<description></description>
		<content:encoded><![CDATA[]]></content:encoded>
		<excerpt:encoded><![CDATA[]]></excerpt:encoded>
		<wp:post_id>3153</wp:post_id>
		<wp:post_date>2014-07-21 20:03:01</wp:post_date>
		<wp:post_date_gmt>2014-07-21 20:03:01</wp:post_date_gmt>
		<wp:comment_status>open</wp:comment_status>
		<wp:ping_status>open</wp:ping_status>
		<wp:post_name>home</wp:post_name>
		<wp:status>publish</wp:status>
		<wp:post_parent>0</wp:post_parent>
		<wp:menu_order>1</wp:menu_order>
		<wp:post_type>nav_menu_item</wp:post_type>
		<wp:post_password></wp:post_password>
		<wp:is_sticky>0</wp:is_sticky>
		<category domain="nav_menu" nicename="demo-one-page"><![CDATA[Demo - One Page]]></category>
		<wp:postmeta>
			<wp:meta_key>_menu_item_object_id</wp:meta_key>
			<wp:meta_value><![CDATA[3153]]></wp:meta_value>
		</wp:postmeta>
		<wp:postmeta>
			<wp:meta_key>_menu_item_menu_item_parent</wp:meta_key>
			<wp:meta_value><![CDATA[0]]></wp:meta_value>
		</wp:postmeta>
		<wp:postmeta>
			<wp:meta_key>_menu_item_type</wp:meta_key>
			<wp:meta_value><![CDATA[custom]]></wp:meta_value>
		</wp:postmeta>
		<wp:postmeta>
			<wp:meta_key>_menu_item_object</wp:meta_key>
			<wp:meta_value><![CDATA[custom]]></wp:meta_value>
		</wp:postmeta>
		<wp:postmeta>
			<wp:meta_key>_menu_item_target</wp:meta_key>
			<wp:meta_value><![CDATA[]]></wp:meta_value>
		</wp:postmeta>
		<wp:postmeta>
			<wp:meta_key>_menu_item_classes</wp:meta_key>
			<wp:meta_value><![CDATA[a:1:{i:0;s:0:"";}]]></wp:meta_value>
		</wp:postmeta>
		<wp:postmeta>
			<wp:meta_key>_menu_item_xfn</wp:meta_key>
			<wp:meta_value><![CDATA[]]></wp:meta_value>
		</wp:postmeta>
		<wp:postmeta>
			<wp:meta_key>_menu_item_url</wp:meta_key>
			<wp:meta_value><![CDATA[#hello]]></wp:meta_value>
		</wp:postmeta>
	</item>
	<item>
				<title><![CDATA[Features]]></title>
		<link>http://demo_one_page.dev/2014/07/21/features/</link>
		<pubDate>Mon, 21 Jul 2014 21:19:43 +0000</pubDate>
		<dc:creator><![CDATA[root]]></dc:creator>
		<guid isPermaLink="false">http://demo_one_page.dev/?p=3185</guid>
		<description></description>
		<content:encoded><![CDATA[]]></content:encoded>
		<excerpt:encoded><![CDATA[]]></excerpt:encoded>
		<wp:post_id>3185</wp:post_id>
		<wp:post_date>2014-07-21 21:19:43</wp:post_date>
		<wp:post_date_gmt>2014-07-21 21:19:43</wp:post_date_gmt>
		<wp:comment_status>open</wp:comment_status>
		<wp:ping_status>open</wp:ping_status>
		<wp:post_name>features</wp:post_name>
		<wp:status>publish</wp:status>
		<wp:post_parent>0</wp:post_parent>
		<wp:menu_order>2</wp:menu_order>
		<wp:post_type>nav_menu_item</wp:post_type>
		<wp:post_password></wp:post_password>
		<wp:is_sticky>0</wp:is_sticky>
		<category domain="nav_menu" nicename="demo-one-page"><![CDATA[Demo - One Page]]></category>
		<wp:postmeta>
			<wp:meta_key>_menu_item_classes</wp:meta_key>
			<wp:meta_value><![CDATA[a:1:{i:0;s:0:"";}]]></wp:meta_value>
		</wp:postmeta>
		<wp:postmeta>
			<wp:meta_key>_menu_item_target</wp:meta_key>
			<wp:meta_value><![CDATA[]]></wp:meta_value>
		</wp:postmeta>
		<wp:postmeta>
			<wp:meta_key>_menu_item_object</wp:meta_key>
			<wp:meta_value><![CDATA[custom]]></wp:meta_value>
		</wp:postmeta>
		<wp:postmeta>
			<wp:meta_key>_menu_item_object_id</wp:meta_key>
			<wp:meta_value><![CDATA[3185]]></wp:meta_value>
		</wp:postmeta>
		<wp:postmeta>
			<wp:meta_key>_menu_item_type</wp:meta_key>
			<wp:meta_value><![CDATA[custom]]></wp:meta_value>
		</wp:postmeta>
		<wp:postmeta>
			<wp:meta_key>_menu_item_menu_item_parent</wp:meta_key>
			<wp:meta_value><![CDATA[0]]></wp:meta_value>
		</wp:postmeta>
		<wp:postmeta>
			<wp:meta_key>_menu_item_url</wp:meta_key>
			<wp:meta_value><![CDATA[#features]]></wp:meta_value>
		</wp:postmeta>
		<wp:postmeta>
			<wp:meta_key>_menu_item_xfn</wp:meta_key>
			<wp:meta_value><![CDATA[]]></wp:meta_value>
		</wp:postmeta>
	</item>
	<item>
				<title><![CDATA[Team]]></title>
		<link>http://demo_one_page.dev/2014/07/21/team/</link>
		<pubDate>Mon, 21 Jul 2014 21:19:43 +0000</pubDate>
		<dc:creator><![CDATA[root]]></dc:creator>
		<guid isPermaLink="false">http://demo_one_page.dev/?p=3186</guid>
		<description></description>
		<content:encoded><![CDATA[]]></content:encoded>
		<excerpt:encoded><![CDATA[]]></excerpt:encoded>
		<wp:post_id>3186</wp:post_id>
		<wp:post_date>2014-07-21 21:19:43</wp:post_date>
		<wp:post_date_gmt>2014-07-21 21:19:43</wp:post_date_gmt>
		<wp:comment_status>open</wp:comment_status>
		<wp:ping_status>open</wp:ping_status>
		<wp:post_name>team</wp:post_name>
		<wp:status>publish</wp:status>
		<wp:post_parent>0</wp:post_parent>
		<wp:menu_order>3</wp:menu_order>
		<wp:post_type>nav_menu_item</wp:post_type>
		<wp:post_password></wp:post_password>
		<wp:is_sticky>0</wp:is_sticky>
		<category domain="nav_menu" nicename="demo-one-page"><![CDATA[Demo - One Page]]></category>
		<wp:postmeta>
			<wp:meta_key>_menu_item_menu_item_parent</wp:meta_key>
			<wp:meta_value><![CDATA[0]]></wp:meta_value>
		</wp:postmeta>
		<wp:postmeta>
			<wp:meta_key>_menu_item_type</wp:meta_key>
			<wp:meta_value><![CDATA[custom]]></wp:meta_value>
		</wp:postmeta>
		<wp:postmeta>
			<wp:meta_key>_menu_item_classes</wp:meta_key>
			<wp:meta_value><![CDATA[a:1:{i:0;s:0:"";}]]></wp:meta_value>
		</wp:postmeta>
		<wp:postmeta>
			<wp:meta_key>_menu_item_target</wp:meta_key>
			<wp:meta_value><![CDATA[]]></wp:meta_value>
		</wp:postmeta>
		<wp:postmeta>
			<wp:meta_key>_menu_item_object</wp:meta_key>
			<wp:meta_value><![CDATA[custom]]></wp:meta_value>
		</wp:postmeta>
		<wp:postmeta>
			<wp:meta_key>_menu_item_object_id</wp:meta_key>
			<wp:meta_value><![CDATA[3186]]></wp:meta_value>
		</wp:postmeta>
		<wp:postmeta>
			<wp:meta_key>_menu_item_xfn</wp:meta_key>
			<wp:meta_value><![CDATA[]]></wp:meta_value>
		</wp:postmeta>
		<wp:postmeta>
			<wp:meta_key>_menu_item_url</wp:meta_key>
			<wp:meta_value><![CDATA[#team]]></wp:meta_value>
		</wp:postmeta>
	</item>
	<item>
				<title><![CDATA[Optimized]]></title>
		<link>http://demo_one_page.dev/2014/07/21/optimized/</link>
		<pubDate>Mon, 21 Jul 2014 21:19:43 +0000</pubDate>
		<dc:creator><![CDATA[root]]></dc:creator>
		<guid isPermaLink="false">http://demo_one_page.dev/?p=3187</guid>
		<description></description>
		<content:encoded><![CDATA[]]></content:encoded>
		<excerpt:encoded><![CDATA[]]></excerpt:encoded>
		<wp:post_id>3187</wp:post_id>
		<wp:post_date>2014-07-21 21:19:43</wp:post_date>
		<wp:post_date_gmt>2014-07-21 21:19:43</wp:post_date_gmt>
		<wp:comment_status>open</wp:comment_status>
		<wp:ping_status>open</wp:ping_status>
		<wp:post_name>optimized</wp:post_name>
		<wp:status>publish</wp:status>
		<wp:post_parent>0</wp:post_parent>
		<wp:menu_order>4</wp:menu_order>
		<wp:post_type>nav_menu_item</wp:post_type>
		<wp:post_password></wp:post_password>
		<wp:is_sticky>0</wp:is_sticky>
		<category domain="nav_menu" nicename="demo-one-page"><![CDATA[Demo - One Page]]></category>
		<wp:postmeta>
			<wp:meta_key>_menu_item_type</wp:meta_key>
			<wp:meta_value><![CDATA[custom]]></wp:meta_value>
		</wp:postmeta>
		<wp:postmeta>
			<wp:meta_key>_menu_item_menu_item_parent</wp:meta_key>
			<wp:meta_value><![CDATA[0]]></wp:meta_value>
		</wp:postmeta>
		<wp:postmeta>
			<wp:meta_key>_menu_item_object_id</wp:meta_key>
			<wp:meta_value><![CDATA[3187]]></wp:meta_value>
		</wp:postmeta>
		<wp:postmeta>
			<wp:meta_key>_menu_item_object</wp:meta_key>
			<wp:meta_value><![CDATA[custom]]></wp:meta_value>
		</wp:postmeta>
		<wp:postmeta>
			<wp:meta_key>_menu_item_target</wp:meta_key>
			<wp:meta_value><![CDATA[]]></wp:meta_value>
		</wp:postmeta>
		<wp:postmeta>
			<wp:meta_key>_menu_item_classes</wp:meta_key>
			<wp:meta_value><![CDATA[a:1:{i:0;s:0:"";}]]></wp:meta_value>
		</wp:postmeta>
		<wp:postmeta>
			<wp:meta_key>_menu_item_xfn</wp:meta_key>
			<wp:meta_value><![CDATA[]]></wp:meta_value>
		</wp:postmeta>
		<wp:postmeta>
			<wp:meta_key>_menu_item_url</wp:meta_key>
			<wp:meta_value><![CDATA[#optimized]]></wp:meta_value>
		</wp:postmeta>
	</item>
	<item>
				<title><![CDATA[Testimonials]]></title>
		<link>http://demo_one_page.dev/2014/07/21/testimonials/</link>
		<pubDate>Mon, 21 Jul 2014 21:19:43 +0000</pubDate>
		<dc:creator><![CDATA[root]]></dc:creator>
		<guid isPermaLink="false">http://demo_one_page.dev/?p=3188</guid>
		<description></description>
		<content:encoded><![CDATA[]]></content:encoded>
		<excerpt:encoded><![CDATA[]]></excerpt:encoded>
		<wp:post_id>3188</wp:post_id>
		<wp:post_date>2014-07-21 21:19:43</wp:post_date>
		<wp:post_date_gmt>2014-07-21 21:19:43</wp:post_date_gmt>
		<wp:comment_status>open</wp:comment_status>
		<wp:ping_status>open</wp:ping_status>
		<wp:post_name>testimonials</wp:post_name>
		<wp:status>publish</wp:status>
		<wp:post_parent>0</wp:post_parent>
		<wp:menu_order>5</wp:menu_order>
		<wp:post_type>nav_menu_item</wp:post_type>
		<wp:post_password></wp:post_password>
		<wp:is_sticky>0</wp:is_sticky>
		<category domain="nav_menu" nicename="demo-one-page"><![CDATA[Demo - One Page]]></category>
		<wp:postmeta>
			<wp:meta_key>_menu_item_type</wp:meta_key>
			<wp:meta_value><![CDATA[custom]]></wp:meta_value>
		</wp:postmeta>
		<wp:postmeta>
			<wp:meta_key>_menu_item_menu_item_parent</wp:meta_key>
			<wp:meta_value><![CDATA[0]]></wp:meta_value>
		</wp:postmeta>
		<wp:postmeta>
			<wp:meta_key>_menu_item_object_id</wp:meta_key>
			<wp:meta_value><![CDATA[3188]]></wp:meta_value>
		</wp:postmeta>
		<wp:postmeta>
			<wp:meta_key>_menu_item_object</wp:meta_key>
			<wp:meta_value><![CDATA[custom]]></wp:meta_value>
		</wp:postmeta>
		<wp:postmeta>
			<wp:meta_key>_menu_item_target</wp:meta_key>
			<wp:meta_value><![CDATA[]]></wp:meta_value>
		</wp:postmeta>
		<wp:postmeta>
			<wp:meta_key>_menu_item_classes</wp:meta_key>
			<wp:meta_value><![CDATA[a:1:{i:0;s:0:"";}]]></wp:meta_value>
		</wp:postmeta>
		<wp:postmeta>
			<wp:meta_key>_menu_item_xfn</wp:meta_key>
			<wp:meta_value><![CDATA[]]></wp:meta_value>
		</wp:postmeta>
		<wp:postmeta>
			<wp:meta_key>_menu_item_url</wp:meta_key>
			<wp:meta_value><![CDATA[#testimonials]]></wp:meta_value>
		</wp:postmeta>
	</item>
</channel>
</rss>
