<?xml version="1.0" encoding="UTF-8" ?>
<!-- This is a WordPress eXtended RSS file generated by WordPress as an export of your site. -->
<!-- It contains information about your site's posts, pages, comments, categories, and other content. -->
<!-- You may use this file to transfer that content from one site to another. -->
<!-- This file is not intended to serve as a complete backup of your site. -->

<!-- To import this information into a WordPress site follow these steps: -->
<!-- 1. Log in to that site as an administrator. -->
<!-- 2. Go to Tools: Import in the WordPress admin panel. -->
<!-- 3. Install the "WordPress" importer from the list. -->
<!-- 4. Activate & Run Importer. -->
<!-- 5. Upload this file using the form provided on that page. -->
<!-- 6. You will first be asked to map the authors in this export file to users -->
<!--    on the site. For each author, you may choose to map to an -->
<!--    existing user on the site or to create a new user. -->
<!-- 7. WordPress will then import each of the posts, pages, comments, categories, etc. -->
<!--    contained in this file into your site. -->

<!-- generator="WordPress/3.9.1" created="2014-07-17 18:42" -->
<rss version="2.0"
	xmlns:excerpt="http://wordpress.org/export/1.2/excerpt/"
	xmlns:content="http://purl.org/rss/1.0/modules/content/"
	xmlns:wfw="http://wellformedweb.org/CommentAPI/"
	xmlns:dc="http://purl.org/dc/elements/1.1/"
	xmlns:wp="http://wordpress.org/export/1.2/"
>

<channel>
	<title>Blaszok - Ultimate Multi-Purpose Resposive Theme</title>
	<link>http://demo_creative.dev</link>
	<description>Shop with Blaszok</description>
	<pubDate>Thu, 17 Jul 2014 18:42:26 +0000</pubDate>
	<language>en-US</language>
	<wp:wxr_version>1.2</wp:wxr_version>
	<wp:base_site_url>http://demo_creative.dev</wp:base_site_url>
	<wp:base_blog_url>http://demo_creative.dev</wp:base_blog_url>

	<wp:author><wp:author_id>7</wp:author_id><wp:author_login>root</wp:author_login><wp:author_email>root@root.com</wp:author_email><wp:author_display_name><![CDATA[root]]></wp:author_display_name><wp:author_first_name><![CDATA[]]></wp:author_first_name><wp:author_last_name><![CDATA[]]></wp:author_last_name></wp:author>

	<item>
				<title>Demo Creative - Home</title>
		<link>http://demo_creative.dev/</link>
		<pubDate>Wed, 19 Feb 2014 10:20:19 +0000</pubDate>
		<dc:creator><![CDATA[root]]></dc:creator>
		<guid isPermaLink="false">http://demo_creative.dev/?page_id=983</guid>
		<description></description>
		<content:encoded><![CDATA[[vc_row margin_bottom="3em" overlay_color_opacity="50" overlay_pattern_opacity="50" css_animation="left-to-right"][vc_column width="1/1"][mpc_vc_products_slider type="recent" number="8" category="all" tag="all"][/vc_column][/vc_row][vc_row overlay_color_opacity="50" overlay_pattern_opacity="50" css_animation="right-to-left"][vc_column width="1/1"][vc_cta_button call_text="Free Shipping For Orders Over $99" title="Delivered To Your Doors In 24 Hours" target="_self" position="cta_align_right" custom_color="#6ac3ef" custom_icon="fa-coffee" custom_pos="left" href="#"][vc_row_inner][vc_column_inner width="1/1"][/vc_column_inner][/vc_row_inner][/vc_column][/vc_row][vc_row font_color="#ffffff" overlay_color="#000000" overlay_color_opacity="50" overlay_pattern="1253" overlay_pattern_opacity="50" full_width="1" parallax="1" css=".vc_custom_1405622454760{margin-bottom: 2em !important;padding-top: 5em !important;padding-bottom: 4em !important;background-image: url(?id=1946) !important;}" bg_image_fb="1946"][vc_column width="1/1"][vc_column_text]
<h2 style="text-align: center; margin-bottom: -0.5em;">CLIENT REVIEWS</h2>
[/vc_column_text][mpc_vc_testimonials_slider][{"author":"Samantha Johnes, Happy Customer","text":"LOREM IPSUM DOLOR SIT AMET, CONSECTETUR ADIPISCING ELIT. ETIAM QUIS LEO AT MAURIS FAUCIBUS SUSCIPIT. SED ORCI ARCU, TINCIDUNT AT COMMODO IN, CONSECTETUR SED ENIM. VESTIBULUM ALIQUET JUSTO RUTRUM MAGNA TINCIDUNT FRINGILLA."},{"author":"Mahatma Gandhi, CEO at DIVERSE","text":"MORBI UT LIGULA ARCU. NULLAM ELEIFEND NISL FACILISIS TURPIS LUCTUS A BIBENDUM NISL VULPUTATE. CRAS FEUGIAT LEO A NULLA ALIQUET VITAE AUCTOR ODIO EGESTAS. PHASELLUS IACULIS POSUERE VELIT, CONGUE PLACERAT DUI RHONCUS VEL."},{"author":"Steve Jobs, Apple CEO","text":"CUM SOCIIS NATOQUE PENATIBUS ET MAGNIS DIS PARTURIENT MONTES, NASCETUR RIDICULUS MUS. NULLAM UT MI IN DUI CONSECTETUR EGESTAS EGET VITAE ODIO, LOREM IPSUM DOLAR SIT AMEN."},{"author":"John Doe, ThemeForest.net","text":"PELLENTESQUE PELLENTESQUE PHARETRA LACUS, EGET ALIQUET MI MATTIS EU. CUM SOCIIS NATOQUE PENATIBUS ET MAGNIS DIS PARTURIENT MONTES, NASCETUR RIDICULUS MUS. NULLAM UT MI IN DUI CONSECTETUR EGESTAS EGET VITAE ODIO. MORBI UT LIGULA ARCU"}][/mpc_vc_testimonials_slider][/vc_column][/vc_row][vc_row overlay_color_opacity="50" overlay_pattern_opacity="50" css_animation="left-to-right"][vc_column width="1/1"][mpc_vc_deco_header type="h5" text="My Portfolio"][mpc_vc_images_slider images="2962,2961,2960,2959" links="#,#,#,#,#,#,#"][/vc_column][/vc_row][vc_row margin_bottom="-1.2em" overlay_color_opacity="50" overlay_pattern_opacity="50" css_animation="right-to-left"][vc_column width="1/1"][mpc_vc_deco_header type="h5" text="How I Work"][/vc_column][/vc_row][vc_row margin_bottom="3em" overlay_color_opacity="50" overlay_pattern_opacity="50" css_animation="right-to-left"][vc_column width="1/2"][vc_video link="http://vimeo.com/7162671"][/vc_column][vc_column width="1/2"][vc_accordion][vc_accordion_tab title="The Process"][vc_column_text]
<p style="text-align: justify;">Lorem ipsum dolor sit amet, consectetur adipiscing elit. Etiam quis leo at mauris faucibus suscipit. Sed orci arcu, tincidunt at commodo in, consectetur sed enim. Vestibulum aliquet<em> justo rutrum magna tincidunt</em> fringilla.</p>
<p style="text-align: justify;">Pellentesque pellentesque pharetra lacus, eget aliquet mi mattis eu. Cum sociis natoque dis parturient montes, nascetur ridiculus mus. Nullam ut mi in dui consectetur egestas eget vitae odio. <a href="#">Morbi ut ligula arcu</a>.</p>
[/vc_column_text][vc_row_inner][vc_column_inner width="1/3"][mpc_vc_icon_list icon_color="#6ac3ef" text_color="#666666" icon_list="%5B%7B%22icon%22%3A%22fa%20fa-fw%20fa-adjust%22%2C%22text%22%3A%22Lorem%20ipsum%20dolor.%22%7D%2C%7B%22icon%22%3A%22fa%20fa-fw%20fa-bullhorn%22%2C%22text%22%3A%22Sit%20amet%20consectetur.%20%22%7D%5D"][/vc_column_inner][vc_column_inner width="1/3"][mpc_vc_icon_list icon_color="#6ac3ef" text_color="#666666" icon_list="%5B%7B%22icon%22%3A%22fa%20fa-fw%20fa-filter%22%2C%22text%22%3A%22In%20eget%20nisl%20in.%22%7D%2C%7B%22icon%22%3A%22fa%20fa-fw%20fa-cloud%22%2C%22text%22%3A%22Cum%20sociis%20natoque.%22%7D%5D"][/vc_column_inner][vc_column_inner width="1/3"][mpc_vc_icon_list icon_color="#6ac3ef" text_color="#666666" icon_list="%5B%7B%22icon%22%3A%22fa%20fa-fw%20fa-coffee%22%2C%22text%22%3A%22Morbi%20ut%20ligula%20arcu.%22%7D%2C%7B%22icon%22%3A%22fa%20fa-fw%20fa-tachometer%22%2C%22text%22%3A%22Phasellus%20iaculis%20velit.%22%7D%5D"][/vc_column_inner][/vc_row_inner][/vc_accordion_tab][vc_accordion_tab title="Written Examples"][vc_column_text]
<p style="text-align: justify;">Lorem ipsum dolor sit amet, consectetur adipiscing elit. Etiam quis leo at mauris faucibus suscipit. Sed orci arcu, tincidunt at commodo in, consectetur sed enim. Vestibulum aliquet justo rutrum magna tincidunt fringilla. In eget nisl in justo mattis accumsan eu nec magna.</p>
<p style="text-align: justify;">Pellentesque pellentesque pharetra lacus, eget aliquet mi mattis eu. Cum sociis natoque penatibus et magnis dis parturient montes, nascetur ridiculus mus.</p>
<p style="text-align: justify;">Nullam ut mi in dui consectetur egestas eget vitae odio. Morbi ut ligula arcu. Nullam eleifend nisl facilisis turpis luctus a bibendum nisl vulputate. Cras feugiat leo a nulla aliquet vitae auctor odio egestas.</p>
[/vc_column_text][/vc_accordion_tab][vc_accordion_tab title="Thanks To The Community"][vc_column_text]
<p style="text-align: justify;">Nunc dignissim varius ante, eget pellentesque felis congue ac. Donec placerat adipiscing sapien id consequat. Donec nec auctor nisl. Curabitur hendrerit ultricies ligula ac blandit. Praesent non vulputate turpis. In est nibh, fermentum eget malesuada ut, ultrices ac lacus.</p>
<p style="text-align: justify;">Lorem ipsum dolor sit amet, consectetur adipiscing elit. Etiam quis leo at mauris faucibus suscipit. Sed orci arcu, tincidunt at commodo in, consectetur sed enim.</p>
<p style="text-align: justify;">Vestibulum aliquet justo rutrum magna tincidunt fringilla. In eget nisl in justo mattis accumsan eu nec magna. Pellentesque pellentesque pharetra lacus, eget aliquet mi mattis eu. Cum sociis natoque penatibus et magnis dis parturient montes, nascetur ridiculus mus.</p>
[/vc_column_text][/vc_accordion_tab][/vc_accordion][/vc_column][/vc_row][vc_row font_color="#ffffff" overlay_color="#000000" overlay_color_opacity="50" overlay_pattern="1253" overlay_pattern_opacity="50" full_width="1" parallax="1" css=".vc_custom_1405622478470{margin-bottom: 3em !important;padding-top: 5em !important;padding-bottom: 5em !important;background-image: url(?id=1945) !important;}" bg_image_fb="1945"][vc_column width="1/1"][vc_column_text]
<h2 style="text-align: center; margin-bottom: -0.5em;">WHAT I OFFER</h2>
[/vc_column_text][/vc_column][/vc_row][vc_row margin_bottom="3em" overlay_color_opacity="50" overlay_pattern_opacity="50" css_animation="left-to-right"][vc_column width="1/1"][vc_row_inner][vc_column_inner width="1/2"][vc_column_text]
<p style="text-align: justify;">Lorem ipsum dolor sit amet, <strong>consectetur adipiscing</strong> elit. Etiam quis leo at mauris faucibus suscipit. Sed orci arcu, tincidunt at commodo in, consectetur sed enim. Vestibulum aliquet justo rutrum magna tincidunt fringilla. In eget nisl in justo mattis accumsan eu nec magna.</p>
<p style="text-align: justify;">Pellentesque pellentesque pharetra lacus, eget aliquet mi mattis eu. Cum sociis natoque penatibus et magnis dis parturient montes, nascetur ridiculus mus. Nullam ut mi in dui<del> consectetur egestas eget</del> vitae odio. Morbi ut ligula arcu.</p>
[/vc_column_text][mpc_vc_quote quote="Remembering that you are going to die is the best way I know to avoid the trap of thinking you have something to lose. You are already naked. There is no reason not to follow your heart." author="Steve Jobs"][vc_column_text]
<p style="text-align: justify;">Phasellus iaculis posuere velit,<em> congue placerat dui rhoncus vel</em>. Maecenas tortor orci, aliquet et fringilla a, tristique vitae metus. Nunc dignissim varius ante, eget pellentesque felis congue ac. Donec placerat adipiscing sapien id consequat. Donec nec auctor nisl. Curabitur hendrerit ultricies ligula ac blandit. Praesent non <a href="#">vulputate turpis</a>.</p>
[/vc_column_text][/vc_column_inner][vc_column_inner width="1/2"][vc_single_image image="2959" img_link_target="_self" img_size="full" border_color="grey"][/vc_column_inner][/vc_row_inner][/vc_column][/vc_row][vc_row overlay_color_opacity="50" overlay_pattern_opacity="50" css_animation="right-to-left"][vc_column width="1/1"][vc_row_inner][vc_column_inner width="1/4"][mpc_vc_icon_column icon="fa-truck" color="#6ac3ef" title="Fast Delivery" text="Lorem ipsum dolor sit amet, consectetur adipiscing elit. Etiam quis leo at mauris faucibus suscipit."][/vc_column_inner][vc_column_inner width="1/4"][mpc_vc_icon_column icon="fa-shield" color="#6ac3ef" title="Solid Materials" text="Lorem ipsum dolor sit amet, consectetur adipiscing elit. Etiam quis leo at mauris faucibus suscipit."][/vc_column_inner][vc_column_inner width="1/4"][mpc_vc_icon_column icon="fa-phone" color="#6ac3ef" title="24/7 Support" text="Lorem ipsum dolor sit amet, consectetur adipiscing elit. Etiam quis leo at mauris faucibus suscipit."][/vc_column_inner][vc_column_inner width="1/4"][mpc_vc_icon_column icon="fa-pencil" color="#6ac3ef" title="Custom Prints" text="Lorem ipsum dolor sit amet, consectetur adipiscing elit. Etiam quis leo at mauris faucibus suscipit."][/vc_column_inner][/vc_row_inner][/vc_column][/vc_row]]]></content:encoded>
		<excerpt:encoded><![CDATA[]]></excerpt:encoded>
		<wp:post_id>983</wp:post_id>
		<wp:post_date>2014-02-19 10:20:19</wp:post_date>
		<wp:post_date_gmt>2014-02-19 10:20:19</wp:post_date_gmt>
		<wp:comment_status>closed</wp:comment_status>
		<wp:ping_status>closed</wp:ping_status>
		<wp:post_name>home</wp:post_name>
		<wp:status>publish</wp:status>
		<wp:post_parent>0</wp:post_parent>
		<wp:menu_order>0</wp:menu_order>
		<wp:post_type>page</wp:post_type>
		<wp:post_password></wp:post_password>
		<wp:is_sticky>0</wp:is_sticky>
		<wp:postmeta>
			<wp:meta_key>_edit_last</wp:meta_key>
			<wp:meta_value><![CDATA[7]]></wp:meta_value>
		</wp:postmeta>
		<wp:postmeta>
			<wp:meta_key>_wp_page_template</wp:meta_key>
			<wp:meta_value><![CDATA[template-fullwidth.php]]></wp:meta_value>
		</wp:postmeta>
		<wp:postmeta>
			<wp:meta_key>_wpb_vc_js_status</wp:meta_key>
			<wp:meta_value><![CDATA[true]]></wp:meta_value>
		</wp:postmeta>
		<wp:postmeta>
			<wp:meta_key>_wpb_vc_js_interface_version</wp:meta_key>
			<wp:meta_value><![CDATA[2]]></wp:meta_value>
		</wp:postmeta>
		<wp:postmeta>
			<wp:meta_key>slide_template</wp:meta_key>
			<wp:meta_value><![CDATA[default]]></wp:meta_value>
		</wp:postmeta>
		<wp:postmeta>
			<wp:meta_key>_s2mail</wp:meta_key>
			<wp:meta_value><![CDATA[yes]]></wp:meta_value>
		</wp:postmeta>
		<wp:postmeta>
			<wp:meta_key>vc_teaser</wp:meta_key>
			<wp:meta_value><![CDATA[a:2:{s:4:"data";s:115:"[{"name":"title","link":"post"},{"name":"image","image":"featured","link":"none"},{"name":"text","mode":"excerpt"}]";s:7:"bgcolor";s:0:"";}]]></wp:meta_value>
		</wp:postmeta>
		<wp:postmeta>
			<wp:meta_key>mpc_header_content</wp:meta_key>
			<wp:meta_value><![CDATA[[rev_slider creative-demo_slider]]]></wp:meta_value>
		</wp:postmeta>
		<wp:postmeta>
			<wp:meta_key>_mpc_header_content</wp:meta_key>
			<wp:meta_value><![CDATA[field_52ef41f52a926]]></wp:meta_value>
		</wp:postmeta>
		<wp:postmeta>
			<wp:meta_key>mpc_hide_title</wp:meta_key>
			<wp:meta_value><![CDATA[1]]></wp:meta_value>
		</wp:postmeta>
		<wp:postmeta>
			<wp:meta_key>_mpc_hide_title</wp:meta_key>
			<wp:meta_value><![CDATA[field_53045ff3dc44b]]></wp:meta_value>
		</wp:postmeta>
		<wp:postmeta>
			<wp:meta_key>mpc_custom_sidebar_position</wp:meta_key>
			<wp:meta_value><![CDATA[0]]></wp:meta_value>
		</wp:postmeta>
		<wp:postmeta>
			<wp:meta_key>_mpc_custom_sidebar_position</wp:meta_key>
			<wp:meta_value><![CDATA[field_526129a80e850]]></wp:meta_value>
		</wp:postmeta>
		<wp:postmeta>
			<wp:meta_key>mpc_hide_extended_footer</wp:meta_key>
			<wp:meta_value><![CDATA[0]]></wp:meta_value>
		</wp:postmeta>
		<wp:postmeta>
			<wp:meta_key>_mpc_hide_extended_footer</wp:meta_key>
			<wp:meta_value><![CDATA[field_5315b1e623106]]></wp:meta_value>
		</wp:postmeta>
		<wp:postmeta>
			<wp:meta_key>mpc_hide_footer</wp:meta_key>
			<wp:meta_value><![CDATA[0]]></wp:meta_value>
		</wp:postmeta>
		<wp:postmeta>
			<wp:meta_key>_mpc_hide_footer</wp:meta_key>
			<wp:meta_value><![CDATA[field_537b08b894428]]></wp:meta_value>
		</wp:postmeta>
		<wp:postmeta>
			<wp:meta_key>mpc_hide_copyright</wp:meta_key>
			<wp:meta_value><![CDATA[0]]></wp:meta_value>
		</wp:postmeta>
		<wp:postmeta>
			<wp:meta_key>_mpc_hide_copyright</wp:meta_key>
			<wp:meta_value><![CDATA[field_537b08e994429]]></wp:meta_value>
		</wp:postmeta>
		<wp:postmeta>
			<wp:meta_key>mpc_force_header_full_width</wp:meta_key>
			<wp:meta_value><![CDATA[0]]></wp:meta_value>
		</wp:postmeta>
		<wp:postmeta>
			<wp:meta_key>_mpc_force_header_full_width</wp:meta_key>
			<wp:meta_value><![CDATA[field_537ca47225154]]></wp:meta_value>
		</wp:postmeta>
		<wp:postmeta>
			<wp:meta_key>mpc_enable_transparent_header</wp:meta_key>
			<wp:meta_value><![CDATA[0]]></wp:meta_value>
		</wp:postmeta>
		<wp:postmeta>
			<wp:meta_key>_mpc_enable_transparent_header</wp:meta_key>
			<wp:meta_value><![CDATA[field_537dce9aae183]]></wp:meta_value>
		</wp:postmeta>
		<wp:postmeta>
			<wp:meta_key>_wpb_shortcodes_custom_css</wp:meta_key>
			<wp:meta_value><![CDATA[.vc_custom_1405622454760{margin-bottom: 2em !important;padding-top: 5em !important;padding-bottom: 4em !important;background-image: url(?id=1946) !important;}.vc_custom_1405622478470{margin-bottom: 3em !important;padding-top: 5em !important;padding-bottom: 5em !important;background-image: url(?id=1945) !important;}]]></wp:meta_value>
		</wp:postmeta>
		<wp:postmeta>
			<wp:meta_key>_oembed_5b5b3fb252d9f51f085df43a1012b99e</wp:meta_key>
			<wp:meta_value><![CDATA[<iframe src="//player.vimeo.com/video/7162671" width="1200" height="675" frameborder="0" title="doctorCOPIC" webkitallowfullscreen mozallowfullscreen allowfullscreen></iframe>]]></wp:meta_value>
		</wp:postmeta>
	</item>
</channel>
</rss>
